START,STOP,PATIENT,ENCOUNTER,CODE,DESCRIPTION
2002-01-25,,71ba0469-f0cc-4177-ac70-ea07cb01c8b8,7be1a590-4239-4826-9872-031327f3c368,419474003,Allergy to mold
2002-01-25,,71ba0469-f0cc-4177-ac70-ea07cb01c8b8,7be1a590-4239-4826-9872-031327f3c368,232347008,Dander (animal) allergy
2002-01-25,,71ba0469-f0cc-4177-ac70-ea07cb01c8b8,7be1a590-4239-4826-9872-031327f3c368,418689008,Allergy to grass pollen
2002-01-25,,71ba0469-f0cc-4177-ac70-ea07cb01c8b8,7be1a590-4239-4826-9872-031327f3c368,419263009,Allergy to tree pollen
2002-01-25,,71ba0469-f0cc-4177-ac70-ea07cb01c8b8,7be1a590-4239-4826-9872-031327f3c368,714035009,Allergy to soy
2002-01-25,,71ba0469-f0cc-4177-ac70-ea07cb01c8b8,7be1a590-4239-4826-9872-031327f3c368,417532002,Allergy to fish
2018-07-30,,2f43a131-a43a-4c8c-a723-cc261adb9cc6,dbbace5a-29c8-458d-805b-2c3f7cbed818,419474003,Allergy to mold
2018-07-30,,2f43a131-a43a-4c8c-a723-cc261adb9cc6,dbbace5a-29c8-458d-805b-2c3f7cbed818,232350006,House dust mite allergy
2018-07-30,,2f43a131-a43a-4c8c-a723-cc261adb9cc6,dbbace5a-29c8-458d-805b-2c3f7cbed818,232347008,Dander (animal) allergy
2018-07-30,,2f43a131-a43a-4c8c-a723-cc261adb9cc6,dbbace5a-29c8-458d-805b-2c3f7cbed818,418689008,Allergy to grass pollen
2018-07-30,,2f43a131-a43a-4c8c-a723-cc261adb9cc6,dbbace5a-29c8-458d-805b-2c3f7cbed818,419263009,Allergy to tree pollen
2018-07-30,,2f43a131-a43a-4c8c-a723-cc261adb9cc6,dbbace5a-29c8-458d-805b-2c3f7cbed818,91930004,Allergy to eggs
2002-01-24,,bf35e4fa-ea4f-40a4-8fe6-1f2f26e0aa45,a61f97fa-70c3-4366-90e1-7c6fdcba5cbb,300916003,Latex allergy
2002-01-24,,bf35e4fa-ea4f-40a4-8fe6-1f2f26e0aa45,a61f97fa-70c3-4366-90e1-7c6fdcba5cbb,419474003,Allergy to mold
2002-01-24,,bf35e4fa-ea4f-40a4-8fe6-1f2f26e0aa45,a61f97fa-70c3-4366-90e1-7c6fdcba5cbb,232350006,House dust mite allergy
2002-01-24,,bf35e4fa-ea4f-40a4-8fe6-1f2f26e0aa45,a61f97fa-70c3-4366-90e1-7c6fdcba5cbb,232347008,Dander (animal) allergy
2002-01-24,,bf35e4fa-ea4f-40a4-8fe6-1f2f26e0aa45,a61f97fa-70c3-4366-90e1-7c6fdcba5cbb,418689008,Allergy to grass pollen
2002-01-24,,bf35e4fa-ea4f-40a4-8fe6-1f2f26e0aa45,a61f97fa-70c3-4366-90e1-7c6fdcba5cbb,419263009,Allergy to tree pollen
2002-01-24,,bf35e4fa-ea4f-40a4-8fe6-1f2f26e0aa45,a61f97fa-70c3-4366-90e1-7c6fdcba5cbb,420174000,Allergy to wheat
2002-01-24,,bf35e4fa-ea4f-40a4-8fe6-1f2f26e0aa45,a61f97fa-70c3-4366-90e1-7c6fdcba5cbb,300913006,Shellfish allergy
2002-01-24,,bf35e4fa-ea4f-40a4-8fe6-1f2f26e0aa45,a61f97fa-70c3-4366-90e1-7c6fdcba5cbb,417532002,Allergy to fish
2002-01-24,,bf35e4fa-ea4f-40a4-8fe6-1f2f26e0aa45,a61f97fa-70c3-4366-90e1-7c6fdcba5cbb,91935009,Allergy to peanuts
1988-10-14,,ad7c452d-c8e9-40ae-a5ed-90b7bd93d2ac,4c7ed821-8753-40f3-a18e-31feef7074ef,419474003,Allergy to mold
1988-10-14,,ad7c452d-c8e9-40ae-a5ed-90b7bd93d2ac,4c7ed821-8753-40f3-a18e-31feef7074ef,232350006,House dust mite allergy
1988-10-14,,ad7c452d-c8e9-40ae-a5ed-90b7bd93d2ac,4c7ed821-8753-40f3-a18e-31feef7074ef,232347008,Dander (animal) allergy
1988-10-14,,ad7c452d-c8e9-40ae-a5ed-90b7bd93d2ac,4c7ed821-8753-40f3-a18e-31feef7074ef,418689008,Allergy to grass pollen
1988-10-14,,ad7c452d-c8e9-40ae-a5ed-90b7bd93d2ac,4c7ed821-8753-40f3-a18e-31feef7074ef,419263009,Allergy to tree pollen
2014-12-04,,e3af2463-f4c9-4dbb-a8d2-d6a08c5b1460,469fbd8a-ec48-4da9-9165-027144ccf9a0,300916003,Latex allergy
2014-12-04,,e3af2463-f4c9-4dbb-a8d2-d6a08c5b1460,469fbd8a-ec48-4da9-9165-027144ccf9a0,419474003,Allergy to mold
2014-12-04,,e3af2463-f4c9-4dbb-a8d2-d6a08c5b1460,469fbd8a-ec48-4da9-9165-027144ccf9a0,232350006,House dust mite allergy
2014-12-04,,e3af2463-f4c9-4dbb-a8d2-d6a08c5b1460,469fbd8a-ec48-4da9-9165-027144ccf9a0,232347008,Dander (animal) allergy
2014-12-04,,e3af2463-f4c9-4dbb-a8d2-d6a08c5b1460,469fbd8a-ec48-4da9-9165-027144ccf9a0,418689008,Allergy to grass pollen
2014-12-04,,e3af2463-f4c9-4dbb-a8d2-d6a08c5b1460,469fbd8a-ec48-4da9-9165-027144ccf9a0,419263009,Allergy to tree pollen
2014-12-04,,e3af2463-f4c9-4dbb-a8d2-d6a08c5b1460,469fbd8a-ec48-4da9-9165-027144ccf9a0,420174000,Allergy to wheat
2014-12-04,,e3af2463-f4c9-4dbb-a8d2-d6a08c5b1460,469fbd8a-ec48-4da9-9165-027144ccf9a0,417532002,Allergy to fish
2014-12-04,,e3af2463-f4c9-4dbb-a8d2-d6a08c5b1460,469fbd8a-ec48-4da9-9165-027144ccf9a0,91935009,Allergy to peanuts
2002-08-03,,ddfa05a6-b8a6-4208-b609-28f9a6a8d79e,5c63f72a-7af4-4bde-b416-f8f22a36239f,300913006,Shellfish allergy
1963-03-30,,47a91815-0dca-49df-b1dc-8bb88d8c1b38,dbad793d-adf7-42e2-a134-c3e1eaeeea70,419474003,Allergy to mold
1976-02-13,,28f36cfa-7696-4f73-ac4f-427e802199d9,cb11409c-e981-4e91-922f-c242b8d0405b,232350006,House dust mite allergy
2013-08-29,,d1639077-59f3-401f-a058-2ad70502f93f,c13ea48d-deaa-4b51-b47a-8e950d65b131,425525006,Allergy to dairy product
1998-07-19,2014-03-20,e061409e-4b85-4ec1-b1f7-02677d51f763,022ad487-e41c-43ba-90f3-eb2d6711f4d3,419474003,Allergy to mold
1998-07-19,2014-03-20,e061409e-4b85-4ec1-b1f7-02677d51f763,022ad487-e41c-43ba-90f3-eb2d6711f4d3,232347008,Dander (animal) allergy
1998-07-19,,e061409e-4b85-4ec1-b1f7-02677d51f763,022ad487-e41c-43ba-90f3-eb2d6711f4d3,418689008,Allergy to grass pollen
1998-07-19,,e061409e-4b85-4ec1-b1f7-02677d51f763,022ad487-e41c-43ba-90f3-eb2d6711f4d3,91935009,Allergy to peanuts
1974-05-17,,71e13815-55fb-4734-bcac-6079160d82a0,9607667e-4c98-4087-9c59-0fd5b6331078,419263009,Allergy to tree pollen
1974-05-17,,71e13815-55fb-4734-bcac-6079160d82a0,9607667e-4c98-4087-9c59-0fd5b6331078,417532002,Allergy to fish
1974-05-17,,71e13815-55fb-4734-bcac-6079160d82a0,9607667e-4c98-4087-9c59-0fd5b6331078,91935009,Allergy to peanuts
2004-12-18,,33454fc9-b2ea-407a-9a9d-64897cf44093,e7256f48-b271-4c0c-b7b5-b2e47db970a2,419474003,Allergy to mold
2004-12-18,,33454fc9-b2ea-407a-9a9d-64897cf44093,e7256f48-b271-4c0c-b7b5-b2e47db970a2,232350006,House dust mite allergy
2004-12-18,,33454fc9-b2ea-407a-9a9d-64897cf44093,e7256f48-b271-4c0c-b7b5-b2e47db970a2,232347008,Dander (animal) allergy
2004-12-18,,33454fc9-b2ea-407a-9a9d-64897cf44093,e7256f48-b271-4c0c-b7b5-b2e47db970a2,419263009,Allergy to tree pollen
2004-12-18,,33454fc9-b2ea-407a-9a9d-64897cf44093,e7256f48-b271-4c0c-b7b5-b2e47db970a2,425525006,Allergy to dairy product
2004-12-18,,33454fc9-b2ea-407a-9a9d-64897cf44093,e7256f48-b271-4c0c-b7b5-b2e47db970a2,91934008,Allergy to nut
2018-03-28,,1fd5b5d7-4514-44b8-a06b-767d1be8fb97,b19aa787-6885-4cfa-a8cf-05480ddc669d,714035009,Allergy to soy
2004-03-25,,10c64243-1b39-4f8d-8add-6c767a2f2e50,6d9b747d-0b23-4d75-9e92-dce7ec8cfc7f,232350006,House dust mite allergy
2004-07-03,,ca3330c5-bbbc-47e7-addb-302f2e069986,d8f2b92b-5971-455f-a0b9-99da66d03899,424213003,Allergy to bee venom
2004-07-03,2019-12-30,ca3330c5-bbbc-47e7-addb-302f2e069986,d8f2b92b-5971-455f-a0b9-99da66d03899,419474003,Allergy to mold
2004-07-03,,ca3330c5-bbbc-47e7-addb-302f2e069986,d8f2b92b-5971-455f-a0b9-99da66d03899,232350006,House dust mite allergy
2004-07-03,,ca3330c5-bbbc-47e7-addb-302f2e069986,d8f2b92b-5971-455f-a0b9-99da66d03899,232347008,Dander (animal) allergy
2004-07-03,,ca3330c5-bbbc-47e7-addb-302f2e069986,d8f2b92b-5971-455f-a0b9-99da66d03899,419263009,Allergy to tree pollen
2004-07-03,,ca3330c5-bbbc-47e7-addb-302f2e069986,d8f2b92b-5971-455f-a0b9-99da66d03899,425525006,Allergy to dairy product
2004-07-03,,ca3330c5-bbbc-47e7-addb-302f2e069986,d8f2b92b-5971-455f-a0b9-99da66d03899,91934008,Allergy to nut
2004-07-03,,ca3330c5-bbbc-47e7-addb-302f2e069986,d8f2b92b-5971-455f-a0b9-99da66d03899,91935009,Allergy to peanuts
1997-06-26,2013-06-25,2335bebd-0843-4322-9585-8ab90f49def3,6022c98e-5336-4d92-9abd-d5f38feab3f4,419474003,Allergy to mold
1997-06-26,2013-06-25,2335bebd-0843-4322-9585-8ab90f49def3,6022c98e-5336-4d92-9abd-d5f38feab3f4,232350006,House dust mite allergy
1997-06-26,2013-06-25,2335bebd-0843-4322-9585-8ab90f49def3,6022c98e-5336-4d92-9abd-d5f38feab3f4,232347008,Dander (animal) allergy
1997-06-26,2013-06-25,2335bebd-0843-4322-9585-8ab90f49def3,6022c98e-5336-4d92-9abd-d5f38feab3f4,419263009,Allergy to tree pollen
1997-06-26,2013-12-18,2335bebd-0843-4322-9585-8ab90f49def3,6022c98e-5336-4d92-9abd-d5f38feab3f4,425525006,Allergy to dairy product
1997-06-26,2013-12-18,2335bebd-0843-4322-9585-8ab90f49def3,6022c98e-5336-4d92-9abd-d5f38feab3f4,420174000,Allergy to wheat
1997-06-26,,2335bebd-0843-4322-9585-8ab90f49def3,6022c98e-5336-4d92-9abd-d5f38feab3f4,91934008,Allergy to nut
2008-07-08,,45ad6c75-7808-4f70-9c80-0db44f681e55,caf832a7-74d6-4500-83ce-5abbfc5268ca,420174000,Allergy to wheat
2000-03-10,2015-11-30,9fda53d4-6fcc-4ef5-a1fe-16e007182ec2,da2fa819-307a-410d-9b95-6ea21a2f19ae,419474003,Allergy to mold
2000-03-10,2015-11-30,9fda53d4-6fcc-4ef5-a1fe-16e007182ec2,da2fa819-307a-410d-9b95-6ea21a2f19ae,232350006,House dust mite allergy
2000-03-10,2015-11-30,9fda53d4-6fcc-4ef5-a1fe-16e007182ec2,da2fa819-307a-410d-9b95-6ea21a2f19ae,232347008,Dander (animal) allergy
2000-03-10,2015-11-30,9fda53d4-6fcc-4ef5-a1fe-16e007182ec2,da2fa819-307a-410d-9b95-6ea21a2f19ae,418689008,Allergy to grass pollen
2000-03-10,2015-11-30,9fda53d4-6fcc-4ef5-a1fe-16e007182ec2,da2fa819-307a-410d-9b95-6ea21a2f19ae,419263009,Allergy to tree pollen
2000-03-10,,9fda53d4-6fcc-4ef5-a1fe-16e007182ec2,da2fa819-307a-410d-9b95-6ea21a2f19ae,91930004,Allergy to eggs
2000-03-10,,9fda53d4-6fcc-4ef5-a1fe-16e007182ec2,da2fa819-307a-410d-9b95-6ea21a2f19ae,300913006,Shellfish allergy
2000-03-10,,9fda53d4-6fcc-4ef5-a1fe-16e007182ec2,da2fa819-307a-410d-9b95-6ea21a2f19ae,417532002,Allergy to fish
2002-12-27,2019-09-12,affb8a9e-4a9a-46e7-a94b-e9c90b25f444,ad8b3be1-166c-44c9-abe4-dc5a0fc633e3,91930004,Allergy to eggs
2016-04-12,,128d5c93-dfce-49a1-8d08-e9b24abcb4db,0a61339f-5663-4af2-a674-0ed5bcee8129,300913006,Shellfish allergy
2004-01-29,,d00fc5dd-be0e-47aa-a52a-5cf9ee3a78b5,6eb061c1-d1f6-4109-8da9-397e102f5e7c,419263009,Allergy to tree pollen
2004-01-29,,d00fc5dd-be0e-47aa-a52a-5cf9ee3a78b5,6eb061c1-d1f6-4109-8da9-397e102f5e7c,417532002,Allergy to fish
1964-04-22,,7e4e6d32-15cd-4d5f-a4cc-e5c95ab35eb0,479131ac-4344-4846-b8ca-71b4745224ef,418689008,Allergy to grass pollen
1964-04-22,,7e4e6d32-15cd-4d5f-a4cc-e5c95ab35eb0,479131ac-4344-4846-b8ca-71b4745224ef,417532002,Allergy to fish
2018-03-20,,841095eb-d29f-4492-8f0e-08011321e85d,32622f63-734e-4433-8628-942ce1585e6a,419474003,Allergy to mold
2018-03-20,,841095eb-d29f-4492-8f0e-08011321e85d,32622f63-734e-4433-8628-942ce1585e6a,232350006,House dust mite allergy
2018-03-20,,841095eb-d29f-4492-8f0e-08011321e85d,32622f63-734e-4433-8628-942ce1585e6a,232347008,Dander (animal) allergy
2018-03-20,,841095eb-d29f-4492-8f0e-08011321e85d,32622f63-734e-4433-8628-942ce1585e6a,418689008,Allergy to grass pollen
2018-03-20,,841095eb-d29f-4492-8f0e-08011321e85d,32622f63-734e-4433-8628-942ce1585e6a,419263009,Allergy to tree pollen
2018-03-20,,841095eb-d29f-4492-8f0e-08011321e85d,32622f63-734e-4433-8628-942ce1585e6a,300913006,Shellfish allergy
2018-03-20,,841095eb-d29f-4492-8f0e-08011321e85d,32622f63-734e-4433-8628-942ce1585e6a,91934008,Allergy to nut
2018-03-20,,841095eb-d29f-4492-8f0e-08011321e85d,32622f63-734e-4433-8628-942ce1585e6a,91935009,Allergy to peanuts
1959-10-04,,171508e4-8de0-4f33-b7d0-87b7ac4a8008,2ce6da4d-7032-4bf7-b0bf-1873d9d015bb,424213003,Allergy to bee venom
1959-10-04,,171508e4-8de0-4f33-b7d0-87b7ac4a8008,2ce6da4d-7032-4bf7-b0bf-1873d9d015bb,91934008,Allergy to nut
1951-04-21,,ee7f6c74-a8ed-4147-b8e2-4879c8657b0f,0b7d2e65-a9df-4b74-84ed-25feffc23f62,424213003,Allergy to bee venom
1951-04-21,,ee7f6c74-a8ed-4147-b8e2-4879c8657b0f,0b7d2e65-a9df-4b74-84ed-25feffc23f62,91935009,Allergy to peanuts
2014-04-24,,e112cedd-a98e-489e-abb0-875420d40397,d47a0669-53b1-4914-b18d-dd593f7e1767,300916003,Latex allergy
2014-04-24,,e112cedd-a98e-489e-abb0-875420d40397,d47a0669-53b1-4914-b18d-dd593f7e1767,424213003,Allergy to bee venom
2014-04-24,,e112cedd-a98e-489e-abb0-875420d40397,d47a0669-53b1-4914-b18d-dd593f7e1767,419474003,Allergy to mold
2014-04-24,,e112cedd-a98e-489e-abb0-875420d40397,d47a0669-53b1-4914-b18d-dd593f7e1767,232350006,House dust mite allergy
2014-04-24,,e112cedd-a98e-489e-abb0-875420d40397,d47a0669-53b1-4914-b18d-dd593f7e1767,232347008,Dander (animal) allergy
2014-04-24,,e112cedd-a98e-489e-abb0-875420d40397,d47a0669-53b1-4914-b18d-dd593f7e1767,418689008,Allergy to grass pollen
2014-04-24,,e112cedd-a98e-489e-abb0-875420d40397,d47a0669-53b1-4914-b18d-dd593f7e1767,419263009,Allergy to tree pollen
2014-04-24,,e112cedd-a98e-489e-abb0-875420d40397,d47a0669-53b1-4914-b18d-dd593f7e1767,91930004,Allergy to eggs
2014-04-24,,e112cedd-a98e-489e-abb0-875420d40397,d47a0669-53b1-4914-b18d-dd593f7e1767,417532002,Allergy to fish
2014-04-24,,e112cedd-a98e-489e-abb0-875420d40397,d47a0669-53b1-4914-b18d-dd593f7e1767,91934008,Allergy to nut
1988-04-04,,f1462368-c891-4ede-9a2f-782da4386bcf,3397e329-cac9-426d-9308-e6aa97472d1a,420174000,Allergy to wheat
2014-03-19,,6e239b88-5153-4098-85ab-27bd7539cd0e,52ed3230-8f93-4927-a2ca-1945f5cbd7aa,424213003,Allergy to bee venom
2014-03-19,,6e239b88-5153-4098-85ab-27bd7539cd0e,52ed3230-8f93-4927-a2ca-1945f5cbd7aa,419474003,Allergy to mold
2014-03-19,,6e239b88-5153-4098-85ab-27bd7539cd0e,52ed3230-8f93-4927-a2ca-1945f5cbd7aa,232350006,House dust mite allergy
2014-03-19,,6e239b88-5153-4098-85ab-27bd7539cd0e,52ed3230-8f93-4927-a2ca-1945f5cbd7aa,232347008,Dander (animal) allergy
2014-03-19,,6e239b88-5153-4098-85ab-27bd7539cd0e,52ed3230-8f93-4927-a2ca-1945f5cbd7aa,418689008,Allergy to grass pollen
2014-03-19,,6e239b88-5153-4098-85ab-27bd7539cd0e,52ed3230-8f93-4927-a2ca-1945f5cbd7aa,419263009,Allergy to tree pollen
2014-03-19,,6e239b88-5153-4098-85ab-27bd7539cd0e,52ed3230-8f93-4927-a2ca-1945f5cbd7aa,425525006,Allergy to dairy product
2014-03-19,,6e239b88-5153-4098-85ab-27bd7539cd0e,52ed3230-8f93-4927-a2ca-1945f5cbd7aa,420174000,Allergy to wheat
1971-03-07,,ab6a2662-f6d1-4da6-b3ce-3929d68650d7,603a0692-9302-459a-84b4-af631dc3aee8,424213003,Allergy to bee venom
1971-03-07,,ab6a2662-f6d1-4da6-b3ce-3929d68650d7,603a0692-9302-459a-84b4-af631dc3aee8,417532002,Allergy to fish
1971-03-07,,ab6a2662-f6d1-4da6-b3ce-3929d68650d7,603a0692-9302-459a-84b4-af631dc3aee8,91934008,Allergy to nut
1971-03-07,,ab6a2662-f6d1-4da6-b3ce-3929d68650d7,603a0692-9302-459a-84b4-af631dc3aee8,91935009,Allergy to peanuts
2019-01-26,,22da6290-e240-4875-97ec-0c2372ff45e5,427a4a56-801a-41bb-b9ef-7c9cb5fe9fc7,419474003,Allergy to mold
2019-01-26,,22da6290-e240-4875-97ec-0c2372ff45e5,427a4a56-801a-41bb-b9ef-7c9cb5fe9fc7,232350006,House dust mite allergy
2019-01-26,,22da6290-e240-4875-97ec-0c2372ff45e5,427a4a56-801a-41bb-b9ef-7c9cb5fe9fc7,232347008,Dander (animal) allergy
2019-01-26,,22da6290-e240-4875-97ec-0c2372ff45e5,427a4a56-801a-41bb-b9ef-7c9cb5fe9fc7,418689008,Allergy to grass pollen
2019-01-26,,22da6290-e240-4875-97ec-0c2372ff45e5,427a4a56-801a-41bb-b9ef-7c9cb5fe9fc7,419263009,Allergy to tree pollen
2019-01-26,,22da6290-e240-4875-97ec-0c2372ff45e5,427a4a56-801a-41bb-b9ef-7c9cb5fe9fc7,425525006,Allergy to dairy product
2019-01-26,,22da6290-e240-4875-97ec-0c2372ff45e5,427a4a56-801a-41bb-b9ef-7c9cb5fe9fc7,420174000,Allergy to wheat
2019-01-26,,22da6290-e240-4875-97ec-0c2372ff45e5,427a4a56-801a-41bb-b9ef-7c9cb5fe9fc7,91934008,Allergy to nut
1990-08-01,,77a0cd86-92bb-4c6d-a91a-49ee66e353b9,ef0b7128-4a42-44af-b58d-4b9d79b3b949,424213003,Allergy to bee venom
1990-08-01,,77a0cd86-92bb-4c6d-a91a-49ee66e353b9,ef0b7128-4a42-44af-b58d-4b9d79b3b949,300913006,Shellfish allergy
2002-05-31,,4440ff11-69ec-440b-a2bd-dc1c14105e8e,38de2a79-6bea-438e-963f-804823c1e32d,419474003,Allergy to mold
2002-05-31,,4440ff11-69ec-440b-a2bd-dc1c14105e8e,38de2a79-6bea-438e-963f-804823c1e32d,232350006,House dust mite allergy
2002-05-31,,4440ff11-69ec-440b-a2bd-dc1c14105e8e,38de2a79-6bea-438e-963f-804823c1e32d,232347008,Dander (animal) allergy
2002-05-31,,4440ff11-69ec-440b-a2bd-dc1c14105e8e,38de2a79-6bea-438e-963f-804823c1e32d,418689008,Allergy to grass pollen
2002-05-31,,4440ff11-69ec-440b-a2bd-dc1c14105e8e,38de2a79-6bea-438e-963f-804823c1e32d,419263009,Allergy to tree pollen
2002-05-31,2020-03-21,4440ff11-69ec-440b-a2bd-dc1c14105e8e,38de2a79-6bea-438e-963f-804823c1e32d,91930004,Allergy to eggs
2002-05-31,2020-03-21,4440ff11-69ec-440b-a2bd-dc1c14105e8e,38de2a79-6bea-438e-963f-804823c1e32d,420174000,Allergy to wheat
2002-05-31,,4440ff11-69ec-440b-a2bd-dc1c14105e8e,38de2a79-6bea-438e-963f-804823c1e32d,91935009,Allergy to peanuts
1994-05-12,2011-02-03,1aa71b23-790e-4d22-92da-c689682c8993,228c992b-3877-454c-920d-fa629bb8c5d9,300916003,Latex allergy
1994-05-12,,1aa71b23-790e-4d22-92da-c689682c8993,228c992b-3877-454c-920d-fa629bb8c5d9,91934008,Allergy to nut
1994-05-12,,1aa71b23-790e-4d22-92da-c689682c8993,228c992b-3877-454c-920d-fa629bb8c5d9,91935009,Allergy to peanuts
1977-01-21,,a263f1fb-ffb1-4913-997f-455b6c6ab81e,34aa6375-61e9-45e0-a18a-a17d38dcd4b8,425525006,Allergy to dairy product
1980-02-18,,2f423855-1f84-4faa-9218-cd593bef6fe1,e35b4e12-bedc-4d8b-8b42-1926fc6b79d3,419263009,Allergy to tree pollen
1968-03-13,,ba2c1e9f-16e0-427b-97db-dc639daeaaee,6e245624-124e-4832-a40a-f58519b0cffc,424213003,Allergy to bee venom
1968-03-13,,ba2c1e9f-16e0-427b-97db-dc639daeaaee,6e245624-124e-4832-a40a-f58519b0cffc,419474003,Allergy to mold
1968-03-13,,ba2c1e9f-16e0-427b-97db-dc639daeaaee,6e245624-124e-4832-a40a-f58519b0cffc,232347008,Dander (animal) allergy
1968-03-13,,ba2c1e9f-16e0-427b-97db-dc639daeaaee,6e245624-124e-4832-a40a-f58519b0cffc,418689008,Allergy to grass pollen
1968-03-13,,ba2c1e9f-16e0-427b-97db-dc639daeaaee,6e245624-124e-4832-a40a-f58519b0cffc,419263009,Allergy to tree pollen
1968-03-13,,ba2c1e9f-16e0-427b-97db-dc639daeaaee,6e245624-124e-4832-a40a-f58519b0cffc,425525006,Allergy to dairy product
1987-12-17,,33c2184c-bda1-4d31-b0cb-4f18c46822da,68bee127-51d7-45a5-b750-6d816bad712e,419474003,Allergy to mold
1987-12-17,,33c2184c-bda1-4d31-b0cb-4f18c46822da,68bee127-51d7-45a5-b750-6d816bad712e,232347008,Dander (animal) allergy
1991-04-12,,5f1c9186-80b0-405f-9f74-c4e26beb1d01,4c577cc8-117e-45dc-852a-e91de2336afd,419474003,Allergy to mold
1991-04-12,,5f1c9186-80b0-405f-9f74-c4e26beb1d01,4c577cc8-117e-45dc-852a-e91de2336afd,91934008,Allergy to nut
1975-07-08,,ed6fb8d6-c14d-4e34-a029-2dab33855ddd,c587f354-dda9-4a55-930b-c19330ee1c49,300916003,Latex allergy
1956-09-04,,9ec6d974-df2b-44ec-acc2-77d96725f4f4,d8789ff6-c8dc-474c-98e8-8225e749a9b0,300913006,Shellfish allergy
2018-10-10,,78ddb775-9cd7-46c6-87b9-277a2a92c72b,d7975f41-c463-4522-ba1a-bea9a292d6ef,424213003,Allergy to bee venom
2018-10-10,,78ddb775-9cd7-46c6-87b9-277a2a92c72b,d7975f41-c463-4522-ba1a-bea9a292d6ef,419474003,Allergy to mold
2018-10-10,,78ddb775-9cd7-46c6-87b9-277a2a92c72b,d7975f41-c463-4522-ba1a-bea9a292d6ef,232350006,House dust mite allergy
2018-10-10,,78ddb775-9cd7-46c6-87b9-277a2a92c72b,d7975f41-c463-4522-ba1a-bea9a292d6ef,232347008,Dander (animal) allergy
2018-10-10,,78ddb775-9cd7-46c6-87b9-277a2a92c72b,d7975f41-c463-4522-ba1a-bea9a292d6ef,418689008,Allergy to grass pollen
2018-10-10,,78ddb775-9cd7-46c6-87b9-277a2a92c72b,d7975f41-c463-4522-ba1a-bea9a292d6ef,419263009,Allergy to tree pollen
2018-10-10,,78ddb775-9cd7-46c6-87b9-277a2a92c72b,d7975f41-c463-4522-ba1a-bea9a292d6ef,425525006,Allergy to dairy product
2018-10-10,,78ddb775-9cd7-46c6-87b9-277a2a92c72b,d7975f41-c463-4522-ba1a-bea9a292d6ef,420174000,Allergy to wheat
2016-01-24,,1d4f63d2-ddc0-47bc-b2cc-6f58068a5901,82952a6b-28a4-443a-9dcf-bee496f1256d,232347008,Dander (animal) allergy
2016-01-24,,1d4f63d2-ddc0-47bc-b2cc-6f58068a5901,82952a6b-28a4-443a-9dcf-bee496f1256d,300913006,Shellfish allergy
2001-05-31,,8b119fdd-0fea-46dd-9106-b5c7813e7260,c0779655-785c-4ee7-9f19-afe8b8c96d4c,300916003,Latex allergy
2001-05-31,2017-01-31,8b119fdd-0fea-46dd-9106-b5c7813e7260,c0779655-785c-4ee7-9f19-afe8b8c96d4c,419474003,Allergy to mold
2001-05-31,2017-01-31,8b119fdd-0fea-46dd-9106-b5c7813e7260,c0779655-785c-4ee7-9f19-afe8b8c96d4c,232350006,House dust mite allergy
2001-05-31,2017-01-31,8b119fdd-0fea-46dd-9106-b5c7813e7260,c0779655-785c-4ee7-9f19-afe8b8c96d4c,232347008,Dander (animal) allergy
2001-05-31,2017-01-31,8b119fdd-0fea-46dd-9106-b5c7813e7260,c0779655-785c-4ee7-9f19-afe8b8c96d4c,418689008,Allergy to grass pollen
2001-05-31,2017-01-31,8b119fdd-0fea-46dd-9106-b5c7813e7260,c0779655-785c-4ee7-9f19-afe8b8c96d4c,419263009,Allergy to tree pollen
2001-05-31,,8b119fdd-0fea-46dd-9106-b5c7813e7260,c0779655-785c-4ee7-9f19-afe8b8c96d4c,417532002,Allergy to fish
2001-05-31,,8b119fdd-0fea-46dd-9106-b5c7813e7260,c0779655-785c-4ee7-9f19-afe8b8c96d4c,91934008,Allergy to nut
2004-12-06,,eafd1fd3-3778-423a-ba79-4584bd310eb4,36279aee-15ff-48ad-a4a6-8ba334466278,91935009,Allergy to peanuts
2000-11-01,,25f2b770-8821-48f0-a7fe-460dfe3b15b8,41baabeb-59ef-42d5-a69b-2a070d6f9acd,424213003,Allergy to bee venom
2000-11-01,2016-11-21,25f2b770-8821-48f0-a7fe-460dfe3b15b8,41baabeb-59ef-42d5-a69b-2a070d6f9acd,419474003,Allergy to mold
2000-11-01,,25f2b770-8821-48f0-a7fe-460dfe3b15b8,41baabeb-59ef-42d5-a69b-2a070d6f9acd,232347008,Dander (animal) allergy
2000-11-01,2016-11-21,25f2b770-8821-48f0-a7fe-460dfe3b15b8,41baabeb-59ef-42d5-a69b-2a070d6f9acd,418689008,Allergy to grass pollen
2000-11-01,2016-11-21,25f2b770-8821-48f0-a7fe-460dfe3b15b8,41baabeb-59ef-42d5-a69b-2a070d6f9acd,419263009,Allergy to tree pollen
2000-11-01,2018-04-11,25f2b770-8821-48f0-a7fe-460dfe3b15b8,41baabeb-59ef-42d5-a69b-2a070d6f9acd,91930004,Allergy to eggs
2000-11-01,2018-04-11,25f2b770-8821-48f0-a7fe-460dfe3b15b8,41baabeb-59ef-42d5-a69b-2a070d6f9acd,420174000,Allergy to wheat
2000-11-01,,25f2b770-8821-48f0-a7fe-460dfe3b15b8,41baabeb-59ef-42d5-a69b-2a070d6f9acd,300913006,Shellfish allergy
2015-07-28,,26ca976d-0b5b-4662-af41-535ff670dd5a,9ef70ad2-ee78-4685-b90f-aaae12dc2e7f,300916003,Latex allergy
2015-07-28,,26ca976d-0b5b-4662-af41-535ff670dd5a,9ef70ad2-ee78-4685-b90f-aaae12dc2e7f,419474003,Allergy to mold
2015-07-28,,26ca976d-0b5b-4662-af41-535ff670dd5a,9ef70ad2-ee78-4685-b90f-aaae12dc2e7f,232350006,House dust mite allergy
2015-07-28,,26ca976d-0b5b-4662-af41-535ff670dd5a,9ef70ad2-ee78-4685-b90f-aaae12dc2e7f,232347008,Dander (animal) allergy
2015-07-28,,26ca976d-0b5b-4662-af41-535ff670dd5a,9ef70ad2-ee78-4685-b90f-aaae12dc2e7f,418689008,Allergy to grass pollen
2015-07-28,,26ca976d-0b5b-4662-af41-535ff670dd5a,9ef70ad2-ee78-4685-b90f-aaae12dc2e7f,300913006,Shellfish allergy
2015-07-28,,26ca976d-0b5b-4662-af41-535ff670dd5a,9ef70ad2-ee78-4685-b90f-aaae12dc2e7f,417532002,Allergy to fish
1962-03-31,,08ea9043-5f84-46ab-9815-81d90024169a,4d41baa1-4c54-4c57-be01-e67f0234d4fe,232347008,Dander (animal) allergy
1962-03-31,,08ea9043-5f84-46ab-9815-81d90024169a,4d41baa1-4c54-4c57-be01-e67f0234d4fe,300913006,Shellfish allergy
1912-07-29,,a3abc11b-0fd1-4eb9-a69a-9075b4737612,a2e3c7b6-8c3e-4f13-8937-c41fb5a802ef,300913006,Shellfish allergy
2016-02-11,,f23e12d9-2ec6-4006-b041-ea78d374e9c9,236290a7-516e-403c-8f77-5198f833f968,300916003,Latex allergy
2016-02-11,,f23e12d9-2ec6-4006-b041-ea78d374e9c9,236290a7-516e-403c-8f77-5198f833f968,424213003,Allergy to bee venom
2016-02-11,,f23e12d9-2ec6-4006-b041-ea78d374e9c9,236290a7-516e-403c-8f77-5198f833f968,419474003,Allergy to mold
2016-02-11,,f23e12d9-2ec6-4006-b041-ea78d374e9c9,236290a7-516e-403c-8f77-5198f833f968,232350006,House dust mite allergy
2016-02-11,,f23e12d9-2ec6-4006-b041-ea78d374e9c9,236290a7-516e-403c-8f77-5198f833f968,232347008,Dander (animal) allergy
2016-02-11,,f23e12d9-2ec6-4006-b041-ea78d374e9c9,236290a7-516e-403c-8f77-5198f833f968,418689008,Allergy to grass pollen
2016-02-11,,f23e12d9-2ec6-4006-b041-ea78d374e9c9,236290a7-516e-403c-8f77-5198f833f968,419263009,Allergy to tree pollen
2016-02-11,,f23e12d9-2ec6-4006-b041-ea78d374e9c9,236290a7-516e-403c-8f77-5198f833f968,91934008,Allergy to nut
1966-01-27,,5a1848d9-9b49-4529-94f1-e463b502c73b,04e5b80a-5df7-45f4-a245-a15632dd0fd7,419474003,Allergy to mold
1966-01-27,,5a1848d9-9b49-4529-94f1-e463b502c73b,04e5b80a-5df7-45f4-a245-a15632dd0fd7,232347008,Dander (animal) allergy
1966-01-27,,5a1848d9-9b49-4529-94f1-e463b502c73b,04e5b80a-5df7-45f4-a245-a15632dd0fd7,418689008,Allergy to grass pollen
1966-01-27,,5a1848d9-9b49-4529-94f1-e463b502c73b,04e5b80a-5df7-45f4-a245-a15632dd0fd7,419263009,Allergy to tree pollen
1966-01-27,,5a1848d9-9b49-4529-94f1-e463b502c73b,04e5b80a-5df7-45f4-a245-a15632dd0fd7,300913006,Shellfish allergy
2009-09-20,,7ea0b41a-3459-4623-a288-0ac335319244,081cb7db-2fc7-4851-b425-dd6749cfa51d,424213003,Allergy to bee venom
1959-07-21,,076688b0-f0d5-4c45-8bc6-b206684fa9ac,7b116d0a-949d-492f-9294-8a170f5018c3,424213003,Allergy to bee venom
1959-07-21,,076688b0-f0d5-4c45-8bc6-b206684fa9ac,7b116d0a-949d-492f-9294-8a170f5018c3,232347008,Dander (animal) allergy
1959-07-21,,076688b0-f0d5-4c45-8bc6-b206684fa9ac,7b116d0a-949d-492f-9294-8a170f5018c3,417532002,Allergy to fish
1959-07-21,,076688b0-f0d5-4c45-8bc6-b206684fa9ac,7b116d0a-949d-492f-9294-8a170f5018c3,91934008,Allergy to nut
2002-04-12,,7525003c-806f-401a-a6ae-751c39112c56,e020c56b-d3d9-46ed-a6c6-f8331cf3c920,419474003,Allergy to mold
1989-05-10,,8aeeef59-43b3-4983-8f1d-54f3e8d5ea92,3f6184c9-cdf7-4dae-96e3-9de0f8e4e2c1,424213003,Allergy to bee venom
1989-05-10,,8aeeef59-43b3-4983-8f1d-54f3e8d5ea92,3f6184c9-cdf7-4dae-96e3-9de0f8e4e2c1,418689008,Allergy to grass pollen
1989-05-10,,8aeeef59-43b3-4983-8f1d-54f3e8d5ea92,3f6184c9-cdf7-4dae-96e3-9de0f8e4e2c1,417532002,Allergy to fish
1947-07-14,,13db4bb8-d1dc-4158-a820-d2d1b7084fc4,df30f405-c6e2-404b-8847-7c12f8aa46bf,300913006,Shellfish allergy
1966-06-10,,5dccb2e6-668f-41b4-add4-4020617610b3,a5a24dea-1618-4011-9da4-fca04e50d284,419474003,Allergy to mold
1966-06-10,,5dccb2e6-668f-41b4-add4-4020617610b3,a5a24dea-1618-4011-9da4-fca04e50d284,232350006,House dust mite allergy
1966-06-10,,5dccb2e6-668f-41b4-add4-4020617610b3,a5a24dea-1618-4011-9da4-fca04e50d284,232347008,Dander (animal) allergy
1966-06-10,,5dccb2e6-668f-41b4-add4-4020617610b3,a5a24dea-1618-4011-9da4-fca04e50d284,418689008,Allergy to grass pollen
1966-06-10,,5dccb2e6-668f-41b4-add4-4020617610b3,a5a24dea-1618-4011-9da4-fca04e50d284,419263009,Allergy to tree pollen
1966-06-10,,5dccb2e6-668f-41b4-add4-4020617610b3,a5a24dea-1618-4011-9da4-fca04e50d284,91934008,Allergy to nut
1979-12-21,,f0f6572b-1588-4828-bb8b-e3148692e536,aec2f3bd-1530-4c10-852c-9614328ab978,420174000,Allergy to wheat
1979-12-21,,f0f6572b-1588-4828-bb8b-e3148692e536,aec2f3bd-1530-4c10-852c-9614328ab978,91934008,Allergy to nut
2011-09-07,,b4d1167c-9adf-40e0-8295-4c3f25fdb3b4,1a2c3225-add3-422b-937b-0bf791e66bb4,419474003,Allergy to mold
2011-09-07,,b4d1167c-9adf-40e0-8295-4c3f25fdb3b4,1a2c3225-add3-422b-937b-0bf791e66bb4,300913006,Shellfish allergy
1938-04-09,,4f9dcdaa-fb47-412b-8288-03f8cbbc321e,860fcb5c-c0d0-4581-b586-54ffc68970c6,91934008,Allergy to nut
1990-10-02,,51ab042b-d75e-45f9-ad85-019be3a051bf,3b969776-f436-48ac-91fb-6502134fc01d,300916003,Latex allergy
1990-10-02,,51ab042b-d75e-45f9-ad85-019be3a051bf,3b969776-f436-48ac-91fb-6502134fc01d,424213003,Allergy to bee venom
1963-08-04,,92709d5b-63d2-4e47-b857-dccb09724ea3,3da0bdc7-2715-4b76-8cc4-2272a920eab3,419474003,Allergy to mold
1963-08-04,,92709d5b-63d2-4e47-b857-dccb09724ea3,3da0bdc7-2715-4b76-8cc4-2272a920eab3,232350006,House dust mite allergy
1963-08-04,,92709d5b-63d2-4e47-b857-dccb09724ea3,3da0bdc7-2715-4b76-8cc4-2272a920eab3,232347008,Dander (animal) allergy
1963-08-04,,92709d5b-63d2-4e47-b857-dccb09724ea3,3da0bdc7-2715-4b76-8cc4-2272a920eab3,300913006,Shellfish allergy
1990-09-06,,1030d86d-86f5-4195-962a-48895ca085ab,019be3d9-186c-4870-8815-c8cba8be683e,424213003,Allergy to bee venom
1990-09-06,,1030d86d-86f5-4195-962a-48895ca085ab,019be3d9-186c-4870-8815-c8cba8be683e,419474003,Allergy to mold
1990-09-06,,1030d86d-86f5-4195-962a-48895ca085ab,019be3d9-186c-4870-8815-c8cba8be683e,232350006,House dust mite allergy
1990-09-06,,1030d86d-86f5-4195-962a-48895ca085ab,019be3d9-186c-4870-8815-c8cba8be683e,232347008,Dander (animal) allergy
1915-08-19,,b1b10f6e-e97a-426a-9581-f1a5c29b6e05,31953388-58de-49eb-af31-437b88156a9e,232347008,Dander (animal) allergy
1915-08-19,,b1b10f6e-e97a-426a-9581-f1a5c29b6e05,31953388-58de-49eb-af31-437b88156a9e,300913006,Shellfish allergy
1978-07-20,,68878f91-5962-4ef2-83e7-43b8298c1708,95099931-0042-4524-b808-dd6b6447fc0e,424213003,Allergy to bee venom
1978-07-20,,68878f91-5962-4ef2-83e7-43b8298c1708,95099931-0042-4524-b808-dd6b6447fc0e,419474003,Allergy to mold
1978-07-20,,68878f91-5962-4ef2-83e7-43b8298c1708,95099931-0042-4524-b808-dd6b6447fc0e,232350006,House dust mite allergy
1978-07-20,,68878f91-5962-4ef2-83e7-43b8298c1708,95099931-0042-4524-b808-dd6b6447fc0e,232347008,Dander (animal) allergy
1978-07-20,,68878f91-5962-4ef2-83e7-43b8298c1708,95099931-0042-4524-b808-dd6b6447fc0e,418689008,Allergy to grass pollen
1978-07-20,,68878f91-5962-4ef2-83e7-43b8298c1708,95099931-0042-4524-b808-dd6b6447fc0e,419263009,Allergy to tree pollen
1978-07-20,,68878f91-5962-4ef2-83e7-43b8298c1708,95099931-0042-4524-b808-dd6b6447fc0e,91935009,Allergy to peanuts
1987-11-30,,8d202c65-427d-4190-8c28-3aa27e1a9f4c,16bc6376-a1cc-4d63-8307-c5d7479dc021,424213003,Allergy to bee venom
1987-11-30,,8d202c65-427d-4190-8c28-3aa27e1a9f4c,16bc6376-a1cc-4d63-8307-c5d7479dc021,419474003,Allergy to mold
1987-11-30,,8d202c65-427d-4190-8c28-3aa27e1a9f4c,16bc6376-a1cc-4d63-8307-c5d7479dc021,232350006,House dust mite allergy
1987-11-30,,8d202c65-427d-4190-8c28-3aa27e1a9f4c,16bc6376-a1cc-4d63-8307-c5d7479dc021,232347008,Dander (animal) allergy
1987-11-30,,8d202c65-427d-4190-8c28-3aa27e1a9f4c,16bc6376-a1cc-4d63-8307-c5d7479dc021,419263009,Allergy to tree pollen
1987-11-30,,8d202c65-427d-4190-8c28-3aa27e1a9f4c,16bc6376-a1cc-4d63-8307-c5d7479dc021,91934008,Allergy to nut
1987-11-30,,8d202c65-427d-4190-8c28-3aa27e1a9f4c,16bc6376-a1cc-4d63-8307-c5d7479dc021,91935009,Allergy to peanuts
2003-05-18,,8bf8631f-2fd4-4dc7-af2b-c400499fedfc,90ea604b-e2bf-4ca0-a46b-dc480f2f2a03,419474003,Allergy to mold
2003-05-18,,8bf8631f-2fd4-4dc7-af2b-c400499fedfc,90ea604b-e2bf-4ca0-a46b-dc480f2f2a03,300913006,Shellfish allergy
1979-07-10,,c5d6bdfa-5554-4927-8fa8-794e5514cb56,e42aa828-ad33-404f-af29-f1f9f17bd7f5,417532002,Allergy to fish
1965-09-23,,2a6d1e58-88eb-4be0-b6b4-59a471257c2e,f7ff5032-50cc-480e-90ca-848c85d6d014,419474003,Allergy to mold
1965-09-23,,2a6d1e58-88eb-4be0-b6b4-59a471257c2e,f7ff5032-50cc-480e-90ca-848c85d6d014,232347008,Dander (animal) allergy
1965-09-23,,2a6d1e58-88eb-4be0-b6b4-59a471257c2e,f7ff5032-50cc-480e-90ca-848c85d6d014,418689008,Allergy to grass pollen
1965-09-23,,2a6d1e58-88eb-4be0-b6b4-59a471257c2e,f7ff5032-50cc-480e-90ca-848c85d6d014,419263009,Allergy to tree pollen
1965-09-23,,2a6d1e58-88eb-4be0-b6b4-59a471257c2e,f7ff5032-50cc-480e-90ca-848c85d6d014,420174000,Allergy to wheat
1965-09-23,,2a6d1e58-88eb-4be0-b6b4-59a471257c2e,f7ff5032-50cc-480e-90ca-848c85d6d014,300913006,Shellfish allergy
1965-09-23,,2a6d1e58-88eb-4be0-b6b4-59a471257c2e,f7ff5032-50cc-480e-90ca-848c85d6d014,91935009,Allergy to peanuts
2000-01-03,2016-06-25,e6ff4bf9-09c2-4976-aa84-cca142207cf8,6c760807-a6b7-4af4-8d50-f32325803448,300916003,Latex allergy
2000-01-03,,e6ff4bf9-09c2-4976-aa84-cca142207cf8,6c760807-a6b7-4af4-8d50-f32325803448,419474003,Allergy to mold
2000-01-03,,e6ff4bf9-09c2-4976-aa84-cca142207cf8,6c760807-a6b7-4af4-8d50-f32325803448,232350006,House dust mite allergy
2000-01-03,,e6ff4bf9-09c2-4976-aa84-cca142207cf8,6c760807-a6b7-4af4-8d50-f32325803448,232347008,Dander (animal) allergy
2000-01-03,,e6ff4bf9-09c2-4976-aa84-cca142207cf8,6c760807-a6b7-4af4-8d50-f32325803448,418689008,Allergy to grass pollen
2000-01-03,,e6ff4bf9-09c2-4976-aa84-cca142207cf8,6c760807-a6b7-4af4-8d50-f32325803448,419263009,Allergy to tree pollen
2000-01-03,,e6ff4bf9-09c2-4976-aa84-cca142207cf8,6c760807-a6b7-4af4-8d50-f32325803448,91930004,Allergy to eggs
2000-01-03,,e6ff4bf9-09c2-4976-aa84-cca142207cf8,6c760807-a6b7-4af4-8d50-f32325803448,91935009,Allergy to peanuts
