ID,NAME,ADDRESS,CITY,STATE,ZIP,LAT,LON,PHONE,REVENUE,UTILIZATION
ccbfca49-309d-3b5c-97e4-ce7ba9f0bcc8,HARVARD MEDICAL FACULTY PHYS AT BETH ISRAEL DEACONESS MED CTR  INC.,41 HIGHLAND AVE,WINCHESTER,MA,01890-1496,42.4527520,-71.1443190,781-729-9000,1937.40,15
ef58ea08-d883-3957-8300-150554edc8fb,HEALTHALLIANCE HOSPITALS  INC,60 HOSPITAL ROAD,LEOMINSTER,MA,01453,42.5208380,-71.7708760,9784662000,198002.28,1557
69176529-fd1f-3b3f-abce-a0a3626769eb,MOUNT AUBURN HOSPITAL,330 MOUNT AUBURN STREET,CAMBRIDGE,MA,02138,42.3759670,-71.1182750,6174923500,288569.17,2296
5e765f2b-e908-3888-9fc7-df2cb87beb58,STURDY MEMORIAL HOSPITAL,211 PARK STREET,ATTLEBORO,MA,02703,41.9316530,-71.2945030,5082225200,287355.03,2287
f1fbcbfb-fcfa-3bd2-b7f4-df20f1b3c3a4,LAWRENCE GENERAL HOSPITAL,ONE GENERAL STREET,LAWRENCE,MA,01842,42.7002730,-71.1613570,9786834000,163386.98,1327
e002090d-4e92-300e-b41e-7d1f21dee4c6,CAMBRIDGE HEALTH ALLIANCE,1493 CAMBRIDGE STREET,CAMBRIDGE,MA,02138,42.3759670,-71.1182750,6176652300,406053.19,3199
ef6ab57c-ed94-3dbe-9861-812d515918b3,CAPE COD HOSPITAL,88 LEWIS BAY ROAD,HYANNIS,MA,02601,41.7488540,-70.7405360,5087711800,226779.11,1800
49318f80-bd8b-3fc7-a096-ac43088b0c12,COOLEY DICKINSON HOSPITAL INC THE,30 LOCUST STREET,NORTHAMPTON,MA,01060,42.3270440,-72.6746300,4135822000,207766.77,1641
fbf6180e-b800-3ebe-b91d-93d0288c400e,BAYSTATE FRANKLIN MEDICAL CENTER,164 HIGH STREET,GREENFIELD,MA,01301,42.6146710,-72.5970630,4137730211,137761.90,1098
8b58cdd1-3d79-3126-8fe0-da2c54d6805c,CARNEY HOSPITAL,2100 DORCHESTER AVENUE,BOSTON,MA,02124,42.3319600,-71.0201730,6175062000,47143.40,369
4bdaa4c2-c664-3089-aee2-7137abbad27f,HARRINGTON MEMORIAL HOSPITAL-1,100 SOUTH STREET,SOUTHBRIDGE,MA,01550,42.0596690,-72.0340400,5087659771,179609.83,1413
ecc51621-0af3-3b35-ac3e-8b1e34022e92,SAINT ANNE'S HOSPITAL,795 MIDDLE STREET,FALL RIVER,MA,02721,41.7253510,-71.0941620,5086745600,282214.42,2225
5d4b9df1-93ae-3bc9-b680-03249990e558,HOLYOKE MEDICAL CENTER,575 BEECH STREET,HOLYOKE,MA,01040,42.2116560,-72.6424480,4135342500,327601.37,2585
37b4d73f-652d-3033-a16e-d97b9e8b4cda,ANNA JAQUES HOSPITAL,25 HIGHLAND AVENUE,NEWBURYPORT,MA,01950,42.8121410,-70.8866460,9784631000,108494.28,868
5844ad77-f653-3c2b-b7dd-e97576ab3b03,BAYSTATE WING HOSPITAL AND MEDICAL CENTERS,40 WRIGHT STREET,PALMER,MA,01069,42.1877940,-72.3084690,4132837651,136237.92,1077
08bcda9c-f8c8-3244-82d4-fc306a7a55d3,BOSTON MEDICAL CENTER CORPORATION-,1 BOSTON MEDICAL CENTER PLACE,BOSTON,MA,02118,42.3319600,-71.0201730,6176388000,10720.28,84
37c0de84-bcaf-3624-82bf-a89b2ac441b8,BEVERLY HOSPITAL CORPORATION,85 HERRICK STREET,BEVERLY,MA,01915,42.5566590,-70.8449600,9789223000,153829.53,1222
4861d01f-019c-3dac-a153-8334e50919f9,NORTH SHORE MEDICAL CENTER -,81 HIGHLAND AVENUE,SALEM,MA,01970,42.5012800,-70.8975020,9787411215,202703.56,1616
a0b6ec0c-e587-3b2a-bf9f-248849f29ee5,ST ELIZABETH'S MEDICAL CENTER,736 CAMBRIDGE STREET,BRIGHTON,MA,02135,42.3319600,-71.0201730,6177893000,22215.52,184
4f3a530e-a2f7-3de0-9a09-c0a70a9ab894,BERKSHIRE MEDICAL CENTER INC - 1,725 NORTH STREET,PITTSFIELD,MA,01201,42.4520450,-73.2605400,4134472000,208696.59,1643
f71ce1a9-cca7-3295-9a1e-c88ac3479b6f,MARLBOROUGH HOSPITAL,157 UNION STREET,MARLBOROUGH,MA,01752,42.3496170,-71.5472140,5084815000,163103.08,1299
c44f361c-2efb-3050-8f97-0354a12e2920,SIGNATURE HEALTHCARE BROCKTON HOSPITAL,680 CENTER STREET,BROCKTON,MA,02302,42.0825430,-71.0246380,5089417000,166823.02,1314
331f4c11-d298-308b-aaa1-d7825b29b57f,CLINTON HOSPITAL ASSOCIATION,201 HIGHLAND STREET,CLINTON,MA,01510,42.4118870,-71.6900050,9783683000,82739.89,655
b1ddf812-1fdd-3adf-b1d5-32cc8bd07ebb,BETH ISRAEL DEACONESS HOSPITAL - PLYMOUTH,275 SANDWICH STREET,PLYMOUTH,MA,02360,41.8978920,-70.6240300,5087462000,141636.85,1136
6be05ccf-ef94-341f-a2a3-1cf9bfde1b18,ADCARE HOSPITAL OF WORCESTER INC,107 LINCOLN STREET,WORCESTER,MA,01605,42.2694780,-71.8077830,5087999000,35648.16,279
b0e04623-b02c-3f8b-92ea-943fc4db60da,LOWELL GENERAL HOSPITAL,295 VARNUM AVENUE,LOWELL,MA,01854,42.6388930,-71.3221070,9789376000,224531.45,1811
ebc3f5c4-6700-34af-8323-85621c313726,NOBLE HOSPITAL,115 WEST SILVER STREET,WESTFIELD,MA,01085,42.1388380,-72.7559110,4135682811,125362.69,1006
fd328395-ab1d-35c6-a2d0-d05a9a79cf11,MERCY MEDICAL CTR,271 CAREW STREET,SPRINGFIELD,MA,01104,42.1154540,-72.5399780,4137489000,103457.16,821
d692e283-0833-3201-8e55-4f868a9c0736,HALLMARK HEALTH SYSTEM,585 LEBANON STREET,MELROSE,MA,02176,42.4557230,-71.0590190,7819793000,561587.35,4466
d78e84ec-30aa-3bba-a33a-f29a3a454662,MASSACHUSETTS GENERAL HOSPITAL,55 FRUIT STREET,BOSTON,MA,02114,42.3319600,-71.0201730,6177262000,57734.52,455
8ad64ecf-c817-3753-bee7-006a8e662e06,MORTON HOSPITAL,88 WASHINGTON STREET,TAUNTON,MA,02780,41.9033230,-71.0949840,5088287000,210659.72,1682
23834663-ed53-3da9-b330-d6e1ecb8428e,SOUTHCOAST HOSPITAL GROUP  INC,363 HIGHLAND AVENUE,FALL RIVER,MA,02720,41.7253510,-71.0941620,5086793131,222412.59,1832
44bef9d3-91c2-3005-93e0-ccf436348ff0,MASSACHUSETTS EYE AND EAR INFIRMARY -,243 CHARLES STREET,BOSTON,MA,02114,42.3319600,-71.0201730,6175237900,32806.64,262
60457c13-adb2-3415-82c5-86ab5dab5f93,BAYSTATE MEDICAL CENTER,759 CHESTNUT STREET,SPRINGFIELD,MA,01199,42.1154540,-72.5399780,4137940000,63494.93,517
a9f20dc1-5147-3789-bcef-bbecb41c5983,HOLY FAMILY HOSPITAL,70 EAST STREET,METHUEN,MA,01844,42.7427510,-71.1785880,9786870156,40892.05,325
7fb56531-86bd-3e4a-8619-4df9942da309,BETH ISRAEL DEACONESS HOSPITAL - NEEDHAM,148 CHESTNUT STREET,NEEDHAM,MA,02494,42.2815930,-71.2424140,7814533002,146105.78,1162
03347b4d-994e-302b-848b-58019a4e274d,EMERSON HOSPITAL -,133 OLD ROAD TO 9 ACRE CORNER,W CONCORD,MA,01742,42.2694780,-71.8077830,9783691400,43346.09,347
cb6a50e0-af76-3758-99ad-3200ede03fff,BETH ISRAEL DEACONESS MEDICAL CENTER,330 BROOKLINE AVENUE,BOSTON,MA,02215,42.3319600,-71.0201730,6176677000,15757.52,123
9a7149fa-49fc-3c87-b935-d29c55808717,NEW ENGLAND BAPTIST HOSPITAL,125 PARKER HILL AVENUE,BOSTON,MA,02120,42.3319600,-71.0201730,6177545800,33064.96,258
24cb4eab-6166-3530-bddc-a5a8a14a4fc1,MILFORD REGIONAL MEDICAL CENTER,14 PROSPECT STREET,MILFORD,MA,01757,42.1586920,-71.5214190,5084731190,336022.50,2665
e44f438a-601b-30fb-85eb-bfaf8ddcb5ad,HEYWOOD HOSPITAL -,242 GREEN STREET,GARDNER,MA,01440,42.5865160,-71.9880620,9786323420,172945.00,1376
ac8356a5-78f8-3a63-8a1e-59e832fd54e7,NASHOBA VALLEY MEDICAL CENTER,200 GROTON ROAD,AYER,MA,01432,42.5622210,-71.5848440,9787849000,58638.64,462
db0acede-4abe-3c01-8d03-5c68a190d8c7,SOUTH SHORE HOSPITAL,55 FOGG ROAD,SOUTH WEYMOUTH,MA,02190,42.2415890,-71.0826510,7813408000,171859.90,1400
3d10019f-c88e-3de5-9916-6107b9c0263d,NEWTON-WELLESLEY HOSPITAL,2014 WASHINGTON STREET,NEWTON,MA,02462,42.3318760,-71.2084020,6172436000,334472.49,2658
f4e7709c-02f6-37ca-aeea-8247d74e88e7,WINCHESTER HOSPITAL,41 HIGHLAND AVENUE,WINCHESTER,MA,01890,42.4527520,-71.1443190,7817299000,151246.36,1194
12c9daf5-a29c-36c9-ac55-28972463e566,BETH ISRAEL DEACONESS HOSPITAL-MILTON INC,199 REEDSDALE ROAD,MILTON,MA,02186,42.2415890,-71.0826510,6176964600,253308.58,1999
27379046-608b-32f0-9df7-8c833cf5d11d,BRIGHAM AND WOMEN'S HOSPITAL,75 FRANCIS STREET,BOSTON,MA,02115,42.3319600,-71.0201730,6177325500,36164.80,281
226098a2-6a40-3588-b5bb-db56c3a30a04,GOOD SAMARITAN MEDICAL CENTER,235 NORTH PEARL STREET,BROCKTON,MA,02301,42.0825430,-71.0246380,5084273000,137684.41,1100
b7175ab4-bde5-3848-891b-579bccb77c7c,TUFTS MEDICAL CENTER,800 WASHINGTON STREET,BOSTON,MA,02111,42.3319600,-71.0201730,6176365000,20226.45,172
d733d4a9-080d-3593-b910-2366e652b7ea,BRIGHAM AND WOMEN'S FAULKNER HOSPITAL,1153 CENTRE STREET,BOSTON,MA,02130,42.3319600,-71.0201730,6179837000,34227.40,270
3bd5eda0-16da-3ba5-8500-4dfd6ae118b8,NORWOOD HOSPITAL,800 WASHINGTON STREET,NORWOOD,MA,02062,42.1873600,-71.1959550,5087721000,390476.50,3083
d5117822-5756-389d-9547-891a372d580f,FALMOUTH HOSPITAL,67 & 100 TER HEUN DRIVE,FALMOUTH,MA,02540,41.5707200,-70.5566820,5085485300,215283.45,1728
f99c74cc-7d1a-3f95-9a33-4a9357bf2f2a,UMASS MEMORIAL MEDICAL CENTER INC,55 LAKE AVENUE NORTH,WORCESTER,MA,01655,42.2694780,-71.8077830,5083341000,74912.80,590
6f122869-a856-3d65-8db9-099bf4f5bbb8,LAHEY HOSPITAL & MEDICAL CENTER  BURLINGTON,41 & 45 MALL ROAD,BURLINGTON,MA,01803,42.5032270,-71.2017130,7817445100,274490.82,2159
465de31f-3098-365c-af70-48a071e1f5aa,METROWEST MEDICAL CENTER,115 LINCOLN STREET,FRAMINGHAM,MA,01701,42.3079050,-71.4361960,5083831000,221767.72,1760
1eaf97fa-9de6-38de-a9c4-6efe5dc574be,ST VINCENT HOSPITAL,123 SUMMER STREET,WORCESTER,MA,01608,42.2694780,-71.8077830,5083635000,51276.52,409
80e919cc-df1a-3838-b75e-541564a286e5,NANTUCKET COTTAGE HOSPITAL,57 PROSPECT STREET,NANTUCKET,MA,02554,41.2934160,-70.1021690,5082281200,197613.84,1636
8e00f524-3a5f-313e-9542-378dfc61193f,MARTHA'S VINEYARD HOSPITAL INC,ONE HOSPITAL ROAD  FIRST FL  WING 5   PO BOX 1477,OAK BLUFFS,MA,02557,41.4571600,-70.5561010,5086930410,16403.32,130
56e0b3b3-4fac-3776-8fc9-7b465eb2fc17,FAIRVIEW HOSPITAL,29 LEWIS AVENUE,GREAT BARRINGTON,MA,01230,42.1939700,-73.3614730,4135280790,32419.16,258
161a799c-4894-36f6-8ca7-2a71c8107f79,ATHOL MEMORIAL HOSPITAL,2033 MAIN STREET,ATHOL,MA,01331,42.5933840,-72.2302280,9782493511,23584.61,191
956ccb85-bea0-30f9-af48-52f5dd95ff72,FRANCISCAN CHILDREN'S HOSPITAL & REHAB CENTER,30 WARREN STREET,BRIGHTON,MA,02135,42.3319600,-71.0201730,6172543800,51354.01,413
d7b11827-25f2-350b-bcd8-939fc59851b0,BOSTON CHILDREN'S HOSPITAL,300 LONGWOOD AVENUE,BOSTON,MA,02115,42.3319600,-71.0201730,6177356000,51793.16,406
5103c940-0c08-392f-95cd-446e0cea042a,SHRINERS' HOSPITAL FOR CHILDREN (THE),516 CAREW STREET,SPRINGFIELD,MA,01104,42.1154540,-72.5399780,4137872000,57269.52,457
ff9863d3-3fa3-3861-900e-f00148f5d9c2,SHRINERS' HOSPITAL FOR CHILDREN - BOSTON  THE,51 BLOSSOM STREET,BOSTON,MA,02114,42.3319600,-71.0201730,6177223000,34098.06,283
1bd44727-a8e3-322d-9c14-a5c529d6ce6d,VA Boston Healthcare System  Brockton Campus,940 Belmont Street,Brockton,MA,02301,42.0656550,-71.0539800,508-583-4500 Or 508-583-4500,8214.57,65
be4c63f3-8d38-3fa9-a183-62045b5c85f6,VA Boston Healthcare System  Jamaica Plain Campus,150 South Huntington Avenue,Jamaica Plain,MA,02130,42.3280900,-71.1107600,617-232-9500,595246.77,4828
ae67223f-808e-33d3-a83e-066deebf35ed,VA Central Western Massachusetts Healthcare System,421 North Main Street,Leeds,MA,01053,42.3450660,-72.6829100,413-584-4040,17436.60,136
5259a506-b80b-3ed5-9c30-83188eabf33e,Fitchburg Outpatient Clinic,881 Main Street,Fitchburg,MA,01420,42.5864870,-71.8052100,978-342-9781 Or 978-342-9781,75816.92,590
53b25c4b-e95f-3dd1-8e69-d427cdd83631,Framingham Outpatient Clinic,61 Lincoln Street  Suite 112,Framingham,MA,01702,42.2834800,-71.4184500,800-865-3384,81499.96,636
f95eebbf-70d7-385e-8e4c-748c79c6d644,Gloucester Community Based Outpatient Clinic (CBOC),199 Main Street,Gloucester,MA,01930,42.6131020,-70.6608500,800-838-6331,31773.36,248
e0c85f99-d520-3f26-8dcd-cfbf172afc5a,Haverhill Community Based Outpatient Clinic (CBOC),108 Merrimack St.,Haverhill,MA,01830,42.7744900,-71.0790100,800-838-6331,71038.00,553
ed146054-9dd5-3f0b-83df-d29d983039c3,Hyannis Outpatient Clinic,233 Stevens St,Hyannis,MA,02601,41.6517450,-70.2942350,508-771-3190,83101.40,664
18f774ab-db01-37ba-95c4-44c4eab47089,Quincy Outpatient Clinic,110 West Squantum Street,Quincy,MA,02169,42.2726170,-71.0313300,800-865-3384,60963.52,473
d311e70d-86e7-3c03-b115-53892bcf7ef1,Worcester Outpatient Clinic,605 Lincoln Street,Worcester,MA,01605,42.2977560,-71.7668150,508-856-0104 Or 508-856-0104,330003.80,2650
7b50426f-b50b-3d7c-ab22-04a0e1632ac8,Boston Vet Center,7 Drydock Ave  Suite 2070,Boston,MA,02210,42.3446100,-71.0372800,857-203-6461,41331.20,327
3fbe3da9-8e41-3118-a253-7e2d1b46480f,Brockton Vet Center,1041L Pearl St.,Brockton,MA,02301,42.0551340,-71.0666100,508-580-2730 Or 508-580-2730,25263.69,196
7c530dcd-43f3-3f87-b41b-9f704205e0f8,New Bedford Vet Center,73 Huttleton Ave.  Unit 2,Fairhaven,MA,02719,41.6318000,-70.8801000,508-999-6920 Or 508-999-6920,73492.04,574
78dbf052-6958-3c67-af45-b5a450b70fe4,Springfield Vet Center,95 Ashley Avenue  Suite A,West Springfield,MA,01089,42.1393970,-72.6238200,413-737-5167 Or 413-737-5167,56391.10,448
3a2242e0-de37-303b-bdfc-e160c7eae518,Worcester Vet Center,255 Park Ave Suite # 900,Worcester,MA,01609,42.2655560,-71.8186650,508-753-7902,39342.13,310
d5f4875f-6df2-32a8-a01b-47267f47fc49,TERRI PEREIRA,221 BOSTON POST RD,MARLBORO,MA,01752-3586,42.3496170,-71.5472140,508-481-5519,19761.48,153
74e00d14-2bbf-3cf3-ae7a-71077abf5f3c,PCP148,175 ELM ST,SALISBURY,MA,01952-1828,42.8447940,-70.8414990,978-828-2053,9299.52,72
79e14b44-8026-3599-b8ac-14813879825e,PCP297,307 MILL ST,HOLLISTON,MA,01746-1041,42.1959510,-71.4534300,508-429-1905,8007.92,62
6725cc67-119b-38a5-9fc8-c104c2b7f993,PCP364,1010 MAIN ST,HOLDEN,MA,01520-1237,42.3558010,-71.8625740,508-829-9955,3229.00,25
6af0ebcc-05f8-3fa6-9c0a-8061fdadc2a4,PCP1609,130 CENTRE ST,DANVERS,MA,01923-1683,42.5741740,-70.9505160,978-500-5550,9557.84,74
230b3872-a16b-3c49-b4cb-288c356ed3d4,PCP1901,450 W RIVER ST,ORANGE,MA,01364-1440,42.6054370,-72.2920740,978-544-1503,6974.64,54
0b829ba7-406d-3339-b330-1e995b1d72a0,PCP2044,150 MARKET ST,LYNN,MA,01901-1529,42.4748620,-70.9621850,781-592-6100,3874.80,30
6cb36205-a8ea-322b-8376-c9c7dc6121df,PCP2054,352 PARK ST,NORTH READING,MA,01864-2164,42.5782220,-71.0843980,978-290-1295,2066.56,16
b6fe1d9f-de1d-32f9-a76d-ccd6fa82e3e0,DIAGNOSTIC ULTRASOUND ASSOCIATES  PC,1 BROOKLINE PL,BROOKLINE,MA,02445-7277,42.3238530,-71.1420030,617-739-0245,6070.52,47
02da9e41-5656-33e0-be62-aff604c958d3,PCP2381,17 HENSHAW ST,BRIGHTON,MA,02135-2905,42.3319600,-71.0201730,617-363-99881,6070.52,47
869ba21d-a974-3260-9752-4d1ba8d12f28,PCP2617,102 WESTLAND RD,WESTON,MA,02493-1341,42.3605020,-71.3034330,781-894-8898,9816.16,76
518271fa-2372-3b99-9b3f-a9ccc3cfc33b,PCP2704,31 HASTINGS ST,MENDON,MA,01756-1090,42.0938700,-71.5445190,508-473-12005,4262.28,33
ccfeccfd-8e42-343b-b30c-d078bcf2051c,PCP3184,80 WASHINGTON ST,NORWELL,MA,02061-1740,42.1645690,-70.8188440,781-347-47147,6328.84,50
f64a8254-152a-394c-aa57-4a7e88ce99af,PCP3554,450 W RIVER ST,ORANGE,MA,01364-1443,42.6054370,-72.2920740,978-544-1556,2583.20,21
0de9633c-54dd-39cb-947c-8ab5ecdf93a2,PCP3874,2 SHAKER RD,SHIRLEY,MA,01464-2561,42.5736540,-71.6409860,978-425-6666,6199.68,48
58fa71de-2295-33b8-8932-176a72078898,PCP4047,265 PLEASANT ST,ROCKLAND,MA,02370-1280,42.1292510,-70.9087360,781-878-6962,11366.08,88
ddee27b9-3e12-323a-b713-d10cdf15baa7,PCP4122,345 UNION ST,NEW BEDFORD,MA,02740-3679,41.6613030,-70.9379130,508-617-3296,7749.60,61
ad3a23c5-ee9b-361d-96ee-244364c9b63a,PCP4460,7 KIMBALL LN E,LYNNFIELD,MA,01940-2617,42.5341460,-71.0383330,978-290-7090,8524.56,66
755c4fdf-858f-3c62-80bf-5e9ae114c9cf,TRANQUIL MIND AND WELLNESS,109 RHODE ISLAND RD B,LAKEVILLE,MA,02347-1370,41.8344120,-70.9571660,508-947-1683,2324.88,18
059cdf63-a616-3f61-be4d-410d0be0623a,PCP4608,1250 HANCOCK ST,QUINCY,MA,02169-4339,42.2610060,-71.0089880,617-471-2444,9170.36,71
6ab2e1c9-e185-3282-a4e8-d200a6f2b36c,PCP4621,282 MAIN ST,GROVELAND,MA,01834-1229,42.7539000,-71.0159350,978-758-2087,3745.64,29
98b63415-bc21-3f43-b5ad-b78fb98c023d,PCP4717,214 N MAIN ST,WEST BRIDGEWATER,MA,02379-1251,42.0216170,-71.0267170,508-587-2858,645.80,5
1d316cdb-fcb8-3b90-a2e4-079a330d344c,PCP5409,1318 BEACON ST,BROOKLINE,MA,02446-3793,42.3238530,-71.1420030,617-441-0173,4262.28,34
48f9895c-222b-3082-ab26-0b5220b07ab4,PCP6451,201 PARK AVE,WEST SPRINGFIELD,MA,01089-3366,42.1254510,-72.6497340,413-259-7437,4908.08,38
a2aaf487-f3e3-3882-824d-e7bd8d61fcf9,PCP6716,1 OLDE N RD,CHELMSFORD,MA,01824-1453,42.5970550,-71.3697000,978-455-0437,7749.60,60
d4acb8de-63b6-392f-bff4-02cc037cd31a,PCP6769,15 COTTAGE AVE,QUINCY,MA,02169-5216,42.2610060,-71.0089880,617-328-4348,3616.48,28
e9a3d0b3-e44a-3b9e-9540-5dd9bfaeee78,PCP6815,233 HARVARD ST,BROOKLINE,MA,02446-5017,42.3238530,-71.1420030,617-513-6254,4262.28,33
28296513-2591-3a92-82cf-2697f7e44ecc,PCP7021,2 DUNDEE PARK DR,ANDOVER,MA,01810-3735,42.6480440,-71.1617510,978-247-8958,4003.96,31
25e23ee2-fa17-3b8f-8bba-34841db77290,PCP7099,210 WHITING PLACE,HINGHAM,MA,02043,42.2243190,-70.8806730,781-740-90445,4391.44,34
973e7384-d05b-32ad-a8cc-c39191ee9150,PCP7483,152 N ST,PITTSFILED,MA,01201,42.4520450,-73.2605400,413-443-8480,9428.68,73
9b49afd9-7855-3377-9dc9-28b5d1f4ca0f,PCP7628,25 MAIN ST,WAYLAND,MA,01778-5036,42.3604270,-71.3610990,508-655-9127,4649.76,36
e70c555a-032c-3e05-8419-d9eea8d0cbbe,PCP7857,233 HARVARD ST,BROOKLINE,MA,02446-5017,42.3238530,-71.1420030,617-738-9901,3874.80,30
a0123c36-2436-3609-a5eb-3c3857ed711d,PCP8367,12 CORSER ST,HOLYOKE,MA,01040-2275,42.2116560,-72.6424480,413-887-7827,1291.60,10
5f3e3a85-0461-3b77-9505-f57767d24412,PCP8369,25 OLD WESTPORT RD,DARTMOUTH,MA,02747-2537,41.5665100,-70.9582290,508-813-0981,11753.56,91
6ffe62de-5d90-3cc7-be16-643a7496c817,PCP8458,601 AMHERST RD,SUNDERLAND,MA,01375-9466,42.4666910,-72.5467510,413-665-3336,7232.96,56
42a6d2c0-4c41-30de-b401-d24121341258,PCP8527,258 MAIN ST,MILFORD,MA,01757-2506,42.1586920,-71.5214190,508-473-5888,8137.08,63
70ccf20b-dc53-3d51-af24-e9349ac9645c,PCP8546,131 WORCESTER RD,WESTMINSTER,MA,01473-1606,42.5546000,-71.9054400,978-874-1991,3745.64,29
fcae3c44-95b9-3a38-ba85-2f0385345e27,PCP9004,176 OLD COUNTY RD,WESTPORT,MA,02790-1172,41.5797940,-71.0818220,508-636-0703,12657.68,98
32836213-4ac7-3021-aad8-6383f3ced351,PCP9022,1 HOLLYWOOD DR,GRAFTON,MA,01536-1614,42.2091510,-71.6836440,508-839-3616,14336.76,111
7a146a36-8ec0-3452-b486-0b6894af0458,PCP9095,10 S MAIN ST,BELCHERTOWN,MA,01007-9401,42.2790100,-72.4004680,413-323-8554,7232.96,56
3fe0cf12-2a0b-33b2-b80c-45139c7889a9,PCP9455,2 COLUMBIA RD,PEMBROKE,MA,02359-1842,42.0678040,-70.8057130,781-826-2270,3229.00,26
473293d9-b54a-384c-9146-05416f9bdac4,PCP9643,173 MOUNT AUBURN ST,WATERTOWN,MA,02472-4005,42.3694510,-71.1779250,617-396-7687,2454.04,19
502a2ddb-e54a-3b43-9ad9-8103221c44d6,PCP9755,7 BARON WAY,LITTLETON,MA,01460-1122,42.5359310,-71.4905690,978-580-1342,5424.72,42
b3a36503-0436-317f-a5f0-d18aa5629349,PCP9953,77 PLAYSTEAD RD,MEDFORD,MA,02155-1451,42.4238440,-71.1092310,781-332-6311,6587.16,51
06eff9e0-c5b4-39ed-8273-2f29cf5d3185,PCP10127,464 GRANITE AVE,MILTON,MA,02186-5625,42.2415570,-71.0824320,617-698-0998,10978.60,85
777aafd6-1743-3ea6-89ff-99d9e3608aad,PCP10201,616 MAIN ST,DENNIS,MA,02638-1906,41.7061230,-70.1648230,508-385-2550,3616.48,28
fafcf3db-7df5-3b11-8653-9032850edd62,PCP10220,680 ASHBURNHAM HILL RD,FITCHBURG,MA,01420-1866,42.6019770,-71.8158700,978-423-8907,3745.64,29
2cdbd26a-7304-3a85-93bc-9e92c6a91f00,PCP10689,403 HIGHLAND AVE,SOMERVILLE,MA,02144-2530,42.3904450,-71.1010330,617-666-5800,2066.56,16
db30cadc-72a0-3810-a951-678fb424a606,PCP11284,22 ELLIS RD,WEST NEWTON,MA,02465-2917,42.3318760,-71.2084020,617-964-8809,904.12,8
9ba4bc4f-ebc3-3c11-b80a-7caa2bbb3836,PCP11669,31 JACKSON ST,NEWTON,MA,02459-2511,42.3318760,-71.2084020,617-462-9339,2970.68,23
043c2193-7fbd-3a5c-ad68-275230f1f3d4,PCP11873,DOVER MEDICAL PROFESSIONAL BUILDING,DOVER,MA,02030-2374,42.2341600,-71.2911670,508-785-2319,3745.64,29
4d4f0156-9110-3edd-aa94-53f4d58fce4a,PCP11928,55 PUTNEY RD,LEVERETT,MA,01054-9770,42.4688980,-72.4845790,413-348-6257,1808.24,14
daa4c408-5fc5-32a8-881e-12181e8b8598,PCP12132,11 PROSPECT ST,SHERBORN,MA,01770-1302,42.2319470,-71.3729630,508-545-1843,4391.44,34
ccafb5f7-0a90-3c10-9803-d2e8798178a4,PCP12382,71 ADAMS ST,MILTON,MA,02187,42.2415570,-71.0824320,617-686-9378,9687.00,75
6cf7174e-d3b8-365f-b74f-72da86c3ab31,PCP13263,250 GRANITE ST,BRAINTREE,MA,02184-2807,42.2054160,-71.0021680,781-843-4295,7491.28,58
bd037283-ea3d-351d-81ed-fdcb4db8ed1b,PCP13521,465 NASHUA RD,DRACUT,MA,01826-2944,42.6797230,-71.3006800,978-866-8530,2583.20,20
6283a0f2-98cd-30e3-a92d-620a208e254c,PCP13525,307 CONCORD AVE,CAMBRIDGE,MA,02138-1207,42.3760430,-71.1186800,617-497-1484,5295.56,41
f0fdfcb5-779b-341a-be4e-a6445b300751,ORTHOSPORTS AND AQUATIC PHYSICAL THERAPY  PC,1237 HIGHLAND AVE,NEEDHAM,MA,02492-2615,42.2815930,-71.2424140,781-444-1290,1808.24,14
5f6fe06a-a687-3540-8cab-fda5744d8a29,PCP13802,986 SARATOGA ST,EAST BOSTON,MA,02128-1142,42.3755410,-70.9706460,617-846-3330,7232.96,56
7b51122e-57a4-3cec-a1f4-140c78a069ce,PCP14063,1 MERRIMAC ST,NEWBURYPORT,MA,01950-2562,42.8121410,-70.8866460,978-465-6585,8912.04,69
a2879c54-b45d-3af3-bdb9-f1a425583699,PCP14074,185 SCHOOL ST,MILTON,MA,02186-3513,42.2415570,-71.0824320,617-728-1410,7620.44,59
720d923f-7c6d-30b0-ba7a-2f45be843188,CENTER FOR EYE EXCELLENCE,1515 ALLEN ST,SPRINGFIELD,MA,01118-1895,42.1154540,-72.5399780,413-782-0030,4391.44,34
6236e299-a751-3819-8b06-a17004bdbbfd,BOSTON VISION WORKS INC,335 MAIN ST,SAUGUS,MA,01906-3143,42.4684320,-71.0139460,781-233-9570,9299.52,72
588e03bd-91bc-3442-be9e-66c18ba36c0c,KHOURY CHIROPRACTC  INC.,116 MECHANIC ST,BELLINGHAM,MA,02019-1678,42.0766820,-71.4744900,508-966-3777,26606.96,206
b1b59ef1-fcf4-34f8-8fd2-4d51b1586d85,PCP14706,92 FAUNCE CORNER RD,NORTH DARTMOUTH,MA,02747-1262,41.6466860,-70.9991580,508-994-1109,8137.08,63
b1423e28-2040-3f03-b51c-16a35b0ee7c8,ASSOCIATED EYE PHYSICIANS AND SURGEONS INC,1261 FURNACE BROOK PKWY,QUINCY,MA,02169-4762,42.2610060,-71.0089880,617-770-0011,2195.72,17
f0a15912-b437-3e40-a642-ec6d0adc8c69,PCP15153,1 MEETING HOUSE RD,CHELMSFORD,MA,01824-2733,42.5970550,-71.3697000,978-250-8880,5683.04,44
f883aa4c-18f6-30c8-8ee1-881d4bfe00e4,PCP15430,7 -A LAUREL ST,FAIRHAVEN,MA,02719-2738,41.6336190,-70.8713060,508-997-4302,8782.88,68
1ae16480-11ce-35df-89ee-78947036c59c,PCP15690,1180 BEACON ST,BROOKLINE,MA,02446-3885,42.3238530,-71.1420030,617-277-2449,9041.20,70
438a54db-5c75-3b76-9357-9028a57babc4,PCP15785,356 MONTAGUE CITY RD,TURNERS FALLS,MA,01376-1830,42.5974450,-72.5552780,413-773-0009,10203.64,79
1f6b6667-2104-3bba-a332-c119f6ffbb64,PCP16049,191 CHERRY HILL DR,SEEKONK,MA,02771-2223,41.8397980,-71.3180470,401-617-2284,4003.96,31
48bc3aff-5ff4-3ec6-b7e5-5a5b36680331,PCP16262,1032 TURNPIKE ST,CANTON,MA,02021-2866,42.1757370,-71.1253850,617-549-2939,8782.88,69
59e287a5-d68e-3fcd-9147-37d797f40705,PCP17011,1044 GAR HWY,SWANSEA,MA,02777-4594,41.7581630,-71.2141810,508-675-7725,3616.48,28
d750c37d-55ef-3ddc-a612-90946d8ccc9a,PCP17339,1266 FURNACE BROOK PKWY,QUINCY,MA,02169-7482,42.2610060,-71.0089880,339-987-0767,3616.48,28
5b886ab0-eee4-3253-973e-7419afc5a2ce,PCP17517,203 ALLSTON ST,CAMBRIDGE,MA,02139-3917,42.3760430,-71.1186800,617-492-3868,3358.16,26
261b14f5-39d7-37eb-a8b7-606014d8eff3,PCP17774,493 ESSEX ST,LAWRENCE,MA,01840-1241,42.7002730,-71.1613570,978-686-7111,7620.44,59
bf0bb03e-69c9-30f8-ae56-14913d5a71c5,PCP17973,12 CORSER ST,HOLYOKE,MA,01040-2227,42.2116560,-72.6424480,413-237-2430,6458.00,50
5aa98f16-c832-3ec5-b52a-2691978cc235,PCP18474,80 BROADWAY,REVERE,MA,02151-5305,42.4210050,-70.9903600,781-289-7929,2583.20,21
3553d3a5-68c0-3da6-8aed-37f3bd7209c9,PCP19378,53 COUNTY RD,MATTAPOISETT,MA,02739-1652,41.6613630,-70.8120240,508-758-1330,4391.44,34
1f8bf1bc-2c07-3ea6-9782-0a8eb036ba4f,PCP19450,741 SALEM ST,LYNNFIELD,MA,01940-2344,42.5341460,-71.0383330,781-592-2225,9170.36,71
5f0ddfb1-6ba0-30ed-ae87-481cfbbf5d01,PCP19483,8 ROBERTA DR,S DARTMOUTH,MA,02748-2020,41.6613030,-70.9379130,508-992-9376,12528.52,97
779935ac-770d-3f96-9870-c38771f2c81b,PCP19714,22 MT AUBURN ST,WATERTOWN,MA,02472,42.3694510,-71.1779250,617-232-2858,5553.88,43
86f868e9-3325-3019-98d9-34ca2dc11f20,TANZMAN MASELLI AND ASSOCIATES PC,151 ASHLAND ST,N ADAMS,MA,01247-4522,42.6755490,-73.1181080,413-662-2020,17953.24,140
cc648e4d-ae3a-3933-930e-f1f34189eb97,PCP19816,361 WASHINGTON ST,WESTWOOD,MA,02090-1801,42.2196450,-71.2167680,781-326-3571,12786.84,100
46084d3f-e6a2-37bc-b830-9b15674f7cae,PCP20314,117 MAIN ST,SPENCER,MA,01562-2125,42.2472110,-71.9918670,508-885-2500,3745.64,29
4cd7de25-382b-30f8-94d5-e353e3eca86a,PCP20489,2 WHITING RD,DOVER,MA,02030-2451,42.2341600,-71.2911670,508-785-1770,4520.60,35
46ef6016-71fa-355f-91da-f6482657a00d,REDSTONE EYE ASSOCIATES LLC,75 MAIN ST,STONEHAM,MA,02180-3305,42.4742080,-71.0976650,781-438-3372,10332.80,81
1b4d6a14-80b6-3575-93e4-5727d800db8b,PCP21427,230 ROUTE 149,MARSTONS MLS,MA,02648-1834,41.6627270,-70.3572080,508-428-3698,4908.08,38
4fd66406-3438-3953-9644-caef76160bac,PCP22021,211 COCHITUATE RD,FRAMINGHAM,MA,01701-4673,42.3079050,-71.4361960,508-380-8680,12916.00,100
5519120c-af24-3f39-bb6c-b7fc0b50c8e6,PCP22063,630 S MAIN ST,LANESBOROUGH,MA,01237-9726,42.5358570,-73.2411330,413-236-0995,12528.52,98
45fbe90d-10f7-39f4-9f84-2100c302faf9,PCP22338,500 SALEM ST,WILMINGTON,MA,01887-1200,42.5646470,-71.1645160,978-988-6240,7620.44,59
f18084da-cd20-347a-93a9-f62f748ba19a,PCP22490,5 N MEADOWS RD,MEDFIELD,MA,02052-2317,42.1845990,-71.3053070,508-359-5200,6458.00,50
c0388410-92ac-3f24-9bf7-8015960436e3,WILLIAM H LANGFIELD JR OD PC,598 COUNTY ST,SOMERSET,MA,02726-4204,41.7384790,-71.1650650,508-676-8167,10461.96,81
7b9038a9-75a1-3429-84ed-8f4c6414f13e,PCP23388,79 OLD STAGE RD,CHELMSFORD,MA,01824-4623,42.5970550,-71.3697000,978-256-9958,5295.56,41
5bf83e18-ef6e-33a8-ad5b-86cb70b4795a,PCP23572,817 MERRIMACK ST,LOWELL,MA,01854-3571,42.6389800,-71.3211410,978-452-0672,3487.32,27
74086554-9256-3f1f-9bfb-ef7237391d25,PCP23574,104 WHALON ST,FITCHBURG,MA,01420-7185,42.6019770,-71.8158700,978-345-5200,3616.48,28
ee1a65b6-9cdc-32ca-a8ea-8c1b1bfca928,ENCOMPASS CARE COMPANY INC,2 PARK CENTRAL DR,SOUTHBOROUGH,MA,01772-1777,42.2996250,-71.5284270,508-481-8346,5812.20,45
04c1cc59-11e3-30e5-b317-0bf5e765f3e8,BEACON FAMILY MEDICINE  LLP,130 COUNTY RD,IPSWICH,MA,01938-2585,42.6959810,-70.8356480,978-356-1192,3616.48,28
027988f5-9d2d-367f-a9a4-7daafe78bf61,PCP25103,382 KENRICK ST,NEWTON,MA,02458-2708,42.3318760,-71.2084020,617-969-2084,8137.08,63
21fef6e9-1145-31a3-a8e8-d5b67ed44020,PCP25354,180 SODA SPRING CREEK DR,SHEFFIELD,MA,01257-0910,42.1036500,-73.3598870,413-229-3640,7103.80,56
10968ba2-75e7-351a-a73a-c37a2a8dfcfc,PCP25544,65 EASTERN AVE,ESSEX,MA,01929-1300,42.6404200,-70.7711720,978-290-8889,5166.40,40
279b2a85-ab64-3dec-90df-fbca8b479db5,PCP25692,48 CHERRY ST,WENHAM,MA,01984-1313,42.6006330,-70.8833030,978-473-6078,14982.56,116
c11e7b71-934b-3615-8875-58dd0066af6b,PCP26032,61 ROSELAND ST,SOMERVILLE,MA,02143-3524,42.3904450,-71.1010330,617-661-1097,9687.00,75
e89fc67f-7cf0-3687-bf77-b4afa1a88fd8,PCP26392,183 W STATE ST,GRANBY,MA,01033-9611,42.2449490,-72.5001430,413-222-0998,4391.44,34
7fb56fd2-71ad-336a-9204-57765bd1e5d4,PCP26624,425 N RD,HAMPDEN,MA,01036-9535,42.0711880,-72.4177180,413-566-8503,5295.56,41
b6aba88d-2c3a-3a58-bf41-fd7fe83571e8,PCP26677,18 BELLEVUE AVE,CAMBRIDGE,MA,02140-3635,42.3760430,-71.1186800,617-547-6542,6716.32,53
e62988b8-d0a6-31ec-a1a6-610b4a9f8227,INDEPENDENCE EYE ASSOCIATES  LLC,365 FAUNCE CORNER RD,NORTH DARTMOUTH,MA,02747-6230,41.6466860,-70.9991580,508-985-6600,6458.00,50
94ea55a1-4520-3483-8393-6c49f579161d,PCP27013,68 MARKET ST,LYNN,MA,01901-1115,42.4748620,-70.9621850,781-586-0400,4133.12,32
1061b2b7-0167-35bc-916a-3b3207fe2bfc,PCP27026,82 MAIN ST,WAKEFIELD,MA,01880-1022,42.5043600,-71.0640610,781-621-8686,4908.08,38
442660b2-c756-396b-b8e1-6e19c7f05133,PCP27403,333 WESTERN AVE,CAMBRIDGE,MA,02139-3747,42.3760430,-71.1186800,617-547-0703,9945.32,77
d224247d-6fc0-395e-9bd2-b4c325d55b5d,PCP28161,162 GREAT RD,ACTON,MA,01720-5760,42.4839530,-71.4384950,978-264-0060,6716.32,53
07c54b7a-99ed-3a14-a8c1-922986a51ec3,PCP28493,1040 GREAT PLAIN AVE,NEEDHAM,MA,02492-3014,42.2815930,-71.2424140,781-449-0929,2454.04,19
af3c8657-15b8-3fee-b656-2ea1f1cb61ef,PCP28562,112 S GREAT RD,LINCOLN,MA,01773-4700,42.4255060,-71.3108120,781-259-8122,1162.44,9
84aaa30f-4fdf-368f-8a31-980c21e4b598,PCP28624,841 MAIN ST,WALPOLE,MA,02081-2997,42.1462860,-71.2556040,508-498-0766,1549.92,12
66ebf1f2-1b43-3770-9572-c3702a95facf,PCP28779,113 BELMONT ST,BELMONT,MA,02478-3603,42.3953170,-71.1802840,617-484-1042,7620.44,59
2970d4ab-defb-32aa-8da3-be427619fd84,PCP28835,7 WHITE PINE LANE,LEXINGTON,MA,02421-6321,42.4452220,-71.2300150,781-862-7331,7103.80,55
af8a70b8-1900-33f7-91a0-350f1f59518e,PCP29134,10 CENTRAL ST,WEST SPRINGFIELD,MA,01089-2742,42.1254510,-72.6497340,413-746-3932,9687.00,75
1ca2afca-6817-3a22-81d7-70b3b1366183,PCP29525,65 NEPONSET AVE,FOXBOROUGH,MA,02035-4022,42.0613380,-71.2458020,508-543-7160,9041.20,70
5e241bed-136b-3a90-a3d6-42f7b9cab3c2,PCP29534,93 POND ST,SHARON,MA,02067-2015,42.1084630,-71.1851820,781-724-7468,2454.04,19
2d5dd8f6-47c2-303a-b5f2-80cd494bba36,PCP29556,277 MAIN ST,GREENFIELD,MA,01301-3262,42.6146710,-72.5970630,413-772-6080,8266.24,64
4e383e1d-1060-3747-a4f0-d639980ff360,PCP29892,131 HARVARD ST,BROOKLINE,MA,02446-6429,42.3238530,-71.1420030,617-934-4744,5553.88,43
15740d88-c092-302f-a2ba-6dcfd5f74890,PCP30062,1101 BEACON ST,BROOKLINE,MA,02446-5587,42.3238530,-71.1420030,617-738-1274,3616.48,28
4d51cbaa-1dcf-388f-9464-4b39b204fc3c,PCP30089,116 APPLETON ST,CAMBRIDGE,MA,02138-3904,42.3760430,-71.1186800,617-661-9633,8653.72,67
afa2a4f1-dd68-34d9-a47b-44efaa9c469d,PCP30645,145 COURT ST,PLYMOUTH,MA,02360-6830,41.8978920,-70.6240300,508-746-2948,3874.80,30
ac06e0ac-ff61-30aa-9a9d-7856c2a6495c,PCP30726,162 COBBLE LANE,SHEFFIELD,MA,01257-0274,42.1036500,-73.3598870,413-229-3634,10203.64,79
0b63e23b-b762-3d4e-bbc7-a98424644d08,PCP31171,77 WARREN ST,BRIGHTON,MA,02135-3601,42.3319600,-71.0201730,617-787-4662,4133.12,32
b37dbacb-fbfd-350a-861b-2dd23f3c83fc,PCP32238,1419 BEACON ST,BROOKLINE,MA,02446-4808,42.3238530,-71.1420030,617-739-2828,11624.40,90
f61f14cb-8061-3fa0-ab90-221cb033eaa0,PCP32281,5 POND RD,HARVARD,MA,01451-1649,42.5042560,-71.5885130,978-456-3181,4520.60,35
e7be2bea-4a1b-3bac-9874-3b149652461a,PCP32467,3 OAKDALE LN,LINCOLN,MA,01773-1710,42.4255060,-71.3108120,781-259-9911,11107.76,86
8fd412d6-410b-3d18-8846-cce73ab81e1c,PCP32478,35 TURKEY HILL RD,BELCHERTOWN,MA,01007-9032,42.2790100,-72.4004680,413-668-5707,7878.76,61
42e990c9-64cc-3a6b-b463-5b306fddabbe,PCP32522,12 DICKINSON ST,AMHERST,MA,01002-2310,42.3635340,-72.5072910,413-256-6004,12657.68,98
5585b8a7-cdd9-3b8a-b78a-7aaa076a11aa,PCP33018,10 LANGLEY RD,NEWTON CENTER,MA,02459-1917,42.3318760,-71.2084020,617-243-0004,9041.20,70
b1516ff8-952b-3f90-a485-e43e29cbf469,PCP33041,14 MAIN ST,SOUTHBORO,MA,01772-1614,42.2720620,-71.5227950,508-787-9713,12011.88,93
ebcdaf96-50e8-340e-806f-04cfaca27857,PCP33080,715 OLD KINGS HWY,WELLFLEET,MA,02667-8013,41.9168050,-70.0271000,508-896-7790,11107.76,86
e0739d64-3589-3bbe-b8ea-808280085318,PCP33184,290 MAIN ST,COTUIT,MA,02635-3122,41.6627270,-70.3572080,508-428-5772,9299.52,72
789eb815-c0ab-31ca-8b84-0ce00727ad97,ADAMS PHYSICAL THERAPY  LLC,1 BERKSHIRE SQ,ADAMS,MA,01220-1300,42.6255600,-73.1198280,413-743-2600,7103.80,56
d1af8327-fe86-3aab-b9af-8d3443f72995,PCP34031,62 MAIN ST,UPTON,MA,01568-1611,42.1765260,-71.6035880,508-529-2700,6199.68,48
8bfeb69c-9939-3fd5-b27d-b877d27d017f,PCP34087,24 ROCKLAND ST,HANOVER,MA,02339-2226,42.1229560,-70.8563100,781-826-82281,11236.92,87
33145183-be4b-3f49-809e-05a81cce7ecd,PCP34313,52 CENTRAL ST,GARDNER,MA,01440-1662,42.5842060,-71.9887370,978-632-5722,12399.36,96
dd43b798-6c99-3cdb-bd19-65f1cc2a370d,PCP34565,410 A SWAMP RD,RICHMOND,MA,01254-0428,42.3834970,-73.3591870,413-698-8123,19374.00,150
ccdd9f7d-8010-38ae-9607-a951a6f2084e,PCP34714,8 BURNHAM ST,TURNERS FALLS,MA,01376-1816,42.5974450,-72.5552780,413-801-2949,9945.32,77
479d8764-9f18-300e-8695-57c43e37cf4a,PCP34751,1170 MAIN ST,W BARNSTABLE,MA,02668-1142,41.6627270,-70.3572080,508-737-2701,11882.72,92
3fc0df86-10e3-3e02-9014-c8123ec39886,PCP34951,2016 OCEAN ST,MARSHFIELD,MA,02050-3100,42.1151390,-70.7103310,781-834-0390,774.96,6
e0104181-ceec-32cf-aba6-255874c50b45,PCP35302,223 WALNUT ST,FRAMINGHAM,MA,01702-7500,42.3079050,-71.4361960,508-872-9195,3099.84,24
f5364bba-190d-3067-8dd2-67bffb6c5f56,PCP35481,1070 IYANNOUGH RD,HYANNIS,MA,02601-1871,41.6472270,-70.2499780,508-771-9701,19503.16,151
6e3af015-b415-3e29-a9b6-42206feaa2c8,MELROSE FAMILY CHIROPRACTIC AND SPORTS INJURY CENTRE  INC,653 MAIN ST,MELROSE,MA,02176-3101,42.4557230,-71.0590190,781-665-1497,3229.00,25
91161180-2889-37db-9808-35f1c6f2a5f9,PCP36686,17 BREWSTER ST,PROVINCETOWN,MA,02657-1603,42.0569130,-70.1904880,860-450-9789,8782.88,68
c7b763e8-052d-3730-b00d-dec9a948c4cf,PCP37117,9 FOSTER ST,WAKEFIELD,MA,01880-2936,42.5043600,-71.0640610,781-850-5535,4778.92,37
502dd65a-e826-3bca-89bb-448b81ddbc15,PCP37168,39 PLYMOUTH ST,HOLBROOK,MA,02343-1510,42.1403460,-70.9978610,781-767-4207,11107.76,86
cd1de71e-98d1-3cba-8fd2-2b20331ff03f,PCP37542,589 DARTMOUTH ST,S DARTMOUTH,MA,02748-2516,41.6613030,-70.9379130,508-997-5636,4003.96,31
b2ad68fb-897e-3738-82e4-08646bd54263,PCP37561,225 WOOD ST,HOPKINTON,MA,01748-1013,42.2240960,-71.5404890,774-275-0635,3616.48,28
e3ed789e-462f-3e75-9852-0aaad71aee63,PCP38234,340 MAPLE ST,MARLBOROUGH,MA,01752-3200,42.3496170,-71.5472140,508-481-1133,4003.96,31
ed3977f3-b6cd-3ff9-8a37-4e2c299b52d8,PCP38970,1681 WASHINGTON ST,BRAINTREE,MA,02184-7950,42.2054160,-71.0021680,781-843-8187,7232.96,56
f345af4f-408c-39b9-a1c2-8a4e279b95a7,PCP39308,294 PLEASANT ST,STOUGHTON,MA,02072-2571,42.1190060,-71.1036500,781-400-4182,4133.12,32
172cefe1-0b02-3fb2-aa53-ca61cdaec115,BARLEY FAMILY HEALTHCARE AND REHABILITATION PC,270 HUTTLESTON AVE,FAIRHAVEN,MA,02719-1605,41.6336190,-70.8713060,508-997-9100,2454.04,19
ac69a419-e1e3-3db7-966e-608ad8e4dc4b,PCP39627,67 BELMONT ST,WORCESTER,MA,01605-2608,42.2694780,-71.8077830,508-852-7200,645.80,5
d94c9186-7bed-3d24-88a2-d5bc92d92737,PCP39872,12 ARROW ST,CAMBRIDGE,MA,02138-5105,42.3760430,-71.1186800,617-893-8752,4262.28,33
bdfb91b5-a041-3e99-99ae-3042ff8c11ba,CAPE GYNECOLOGY  LLC,19 BAY STATE COURT,BREWSTER,MA,02631-2120,41.7475130,-70.0662230,508-255-2325,3874.80,30
405c1042-e54b-3ff3-a5f8-d6a0dcf03518,AUBURN PODIATRY LLP,492 WASHINGTON ST,AUBURN,MA,01501-5708,42.1987080,-71.8460060,508-832-6075,2712.36,21
f178140b-e29d-39c6-bca4-c961e77acde2,PCP40593,25 MAIN ST,WAYLAND,MA,01778-5036,42.3604270,-71.3610990,978-460-2617,3616.48,28
42eff9fe-a834-387e-a063-4c5a5ca30ee5,PCP41000,45 NEWBURY ST,BOSTON,MA,02116-3177,42.3385510,-71.0182530,617-266-8584,3874.80,30
8d7a43ca-0630-329a-8ac4-5c9ac8484a74,PCP41078,2100 DORCHESTER AVE,BOSTON,MA,02124-5615,42.3385510,-71.0182530,617-506-4900,3616.48,28
f5259ffd-9acb-3311-992a-a3cfea7195e3,PCP41867,23 ADAMS ST,BURLINGTON,MA,01803-4916,42.5032270,-71.2017130,781-273-0099,3874.80,30
5f3b6a8a-99a4-3564-bc7f-186b79d040db,TOTAL HEALTH CARE  INC.,2 REEDSDALE RD,MILTON,MA,02186-3324,42.2415570,-71.0824320,617-698-0715,10461.96,81
65cea21f-d0ae-3d30-894c-20f051e07f80,WINCHESTER ORAL SURGERY PC,955 MAIN ST,WINCHESTER,MA,01890-4302,42.4527520,-71.1443190,781-729-2800,3358.16,26
dce6ce7f-7e6e-3035-aaad-46379b6d0bf0,PCP44113,1236 MAIN ST,HOLYOKE,MA,01040-5370,42.2116560,-72.6424480,413-406-8380,6070.52,47
00b14d27-ca1c-33b6-ab79-b636bf184d1a,PCP44286,31 HASTINGS ST,MENDON,MA,01756-1090,42.0938700,-71.5445190,617-584-2794,4391.44,34
2a02cf03-5b22-30df-aae4-33f12583be21,PCP45458,51 LIBBY ST,BROCKTON,MA,02302-2949,42.0825430,-71.0246380,508-587-6060,11882.72,92
e268d966-c51d-355b-90a3-edf1748d0b67,ROSMARK PSYCHOLOGICAL SERVICES LLC,186 CABOT ST,BEVERLY,MA,01915-5846,42.5566590,-70.8449600,978-646-8830,6587.16,51
0bac2d2f-e91f-343e-89c6-c0456b974959,PCP47896,313 LUNENBURG ST,FITCHBURG,MA,01420-4503,42.6019770,-71.8158700,978-342-9900,9945.32,77
4917759b-1f9e-3733-af09-132e8a56641a,PCP48383,33 E MAIN ST,WARE,MA,01082-1478,42.2754620,-72.2801580,413-949-2772,3099.84,24
a1ef6330-7fb0-33e8-9622-01506abb1490,PCP49110,64 MACY ST,RAYNHAM,MA,02767-1328,41.9304770,-71.0462140,774-409-7395,5553.88,44
a0e3f669-d53f-3554-a7d5-144f422a342b,PERFORMANCE PHYSICAL THERAPY INC,99 4TH ST,CHELSEA,MA,02150-2336,42.3968240,-71.0313480,617-889-2500,3099.84,24
de5f6395-ed2b-384a-b764-9ff5e5e6e1a7,KYLE CORBIN  DC PA,664 TAUNTON AVE,SEEKONK,MA,02771-3117,41.8397980,-71.3180470,508-336-4114,8782.88,69
00717240-296a-35b2-a336-8e3d9f085fce,NICOLE H. BOUDREAU MD P.C.,1180 BEACON ST,BROOKLINE,MA,02446-3806,42.3238530,-71.1420030,617-232-0440,6587.16,51
b08737d6-d470-368d-8057-4bd13a70d881,PCP50141,450 N MAIN ST,SHARON,MA,02067-1172,42.1084630,-71.1851820,508-944-3138,5295.56,42
09b12738-8d19-3f48-bb86-1f0f0d3b5117,PCP50168,909 FORTUNE BLVD,MILFORD,MA,01757,42.1586920,-71.5214190,508-473-7400,4908.08,38
5c94e977-6b9e-3627-8a71-fcc187bb9dbd,PCP50214,26 HIGH ST,MILTON,MA,02186-3417,42.2415570,-71.0824320,617-698-4496,8137.08,63
628b343f-2360-3994-ba84-1291d2a2421b,COMMONWEALTH OB-GYN  PC,1 BROOKLINE PL,BROOKLINE,MA,02445-7296,42.3238530,-71.1420030,617-732-1510,3616.48,28
2d65194f-890e-358e-96bd-ae26070f196a,DEDHAM CONSULTATION CENTER LLC,339 WASHINGTON ST,DEDHAM,MA,02026-1870,42.2468720,-71.1794620,781-407-7770,2583.20,20
35a49dfd-7ce3-3ef2-bbb3-eab67a5f26c3,NEW ENGLAND ORAL SURGERY ASSOCIATES LLC,2 ANDOVER RD,BILLERICA,MA,01821-1916,42.5596730,-71.2609470,978-667-8600,4133.12,32
8c81ca40-e395-3f80-8d6c-ab0bb7fea821,PCP52699,330 WALNUT ST EXT,AGAWAM,MA,01001-1524,42.0647310,-72.6534770,413-732-1908,8007.92,62
1e8ab91e-eace-38c4-a7fc-c2887cab6523,MASSACHUSETTS ENT ASSOCIATES INC,3 MEETINGHOUSE RD,CHELMSFORD,MA,01824-2739,42.5970550,-71.3697000,978-256-5557,1808.24,14
1c064e6a-e1a5-3124-b294-68ae3a9d6487,ALL-ACCESS PHYSICAL THERAPY  INC.,904 C BOSTON TPKE,SHREWSBURY,MA,01545-3303,42.2847670,-71.7142280,508-845-3500,10849.44,84
3bdd7318-5a9c-3ecf-ba3e-7163a602bdf4,PCP53831,638 ADAMSVILLE RD,WESTPORT,MA,02790-5031,41.5797940,-71.0818220,508-636-4769,7491.28,58
0c15415c-9da3-371c-b7b6-df95c18e2d0c,PCP56256,70 WASHINGTON ST,SALEM,MA,01970-3520,42.4992480,-70.8982040,781-864-8048,1033.28,8
fe45b7c5-7658-3236-9f4e-59234293b022,PCP57359,59 ROWENA RD,NEWTON CENTRE,MA,02459-2462,42.3318760,-71.2084020,617-448-2281,2195.72,17
6d292afa-3f27-3fa6-945e-cdce925a8062,PCP57666,550 BELMONT ST,WATERTOWN,MA,02472-4951,42.3694510,-71.1779250,617-924-0268,5166.40,40
eadeb4fd-c28c-3933-b6d1-fc0ae5d4af2e,PCP57734,166 COLLEGE HWY,SOUTHAMPTON,MA,01073-0431,42.2269490,-72.7415880,413-527-9903,8912.04,69
b9b970af-5b58-37c7-9bf3-8031e609bdcb,STEVEN I. KORNBLEUTH,111 LINCOLN ST,NEEDHAM,MA,02492-2900,42.2815930,-71.2424140,781-444-6200,3358.16,26
e63311d4-a173-3921-a0b4-8d14e8045fc1,PIONEER VALLEY CARDIOLOGY ASSOCIATES  INC,2 MEDICAL CTR DR,SPRINGFIELD,MA,01107-1269,42.1154540,-72.5399780,413-781-5735,6328.84,49
993d7018-68b2-3b21-84de-6813a8b2afd9,CHIMA OHAEGBULAM MD PC,125 PAKER HILL AVE,BOSTON,MA,02120-2847,42.3385510,-71.0182530,617-754-6420,8137.08,63
14a359e3-f04a-39b0-8613-5a1cb3f89e9e,PCP59371,109 COLON ST,BEVERLY,MA,01915-3661,42.5566590,-70.8449600,860-830-6357,4778.92,37
94d03dd2-29ee-347c-99e2-9a62181d5b10,PCP59870,955 MAIN ST,WINCHESTER,MA,01890-4300,42.4527520,-71.1443190,508-358-7241,4908.08,38
fa340249-2990-3217-9d24-d69a3c55b349,PCP60243,1000 MOHAWK TRL,SHELBURNE FALLS,MA,01370-9705,42.6095090,-72.7469800,413-625-6021,774.96,6
841c16ad-a4dd-3d41-8227-d8202c5699fa,WESTPORT CHIROPRACTIC  INC,637 STATE RD,WESTPORT,MA,02790-2819,41.5797940,-71.0818220,508-679-5500,1033.28,8
a40c8ae2-043f-3ac3-8da0-dc75b6e7900b,PCP62693,1180 BEACON ST,BROOKLINE,MA,02446-3806,42.3238530,-71.1420030,617-734-0003,7103.80,55
8af39394-b83c-399d-b1dc-56931ecf1ed8,PCP63416,11 E EMERSON ST,MELROSE,MA,02176-2721,42.4557230,-71.0590190,888-547-8785,1033.28,8
c26db369-5860-357a-ab71-7023415a401b,SOUTH SHORE SKIN CENTER  LLC,223 CHIEF JUSTICE CUSHING HWY,COHASSET,MA,02025-1391,42.2624280,-70.7988830,781-383-3340,7491.28,58
8383a576-10a5-37f6-9707-3c88bf1c9b9a,PCP64932,35 BEDFORD ST,LEXINGTON,MA,02420-4320,42.4452220,-71.2300150,781-861-1291,4649.76,37
a3d316af-a158-37b2-bcc6-b014ddb08fa9,PCP65288,339 WASHINGTON ST,DEDHAM,MA,02026-1870,42.2468720,-71.1794620,781-329-1159,6716.32,52
064f3064-2914-3e8a-9965-bab663a6f4d3,PCP65780,28 HIGH ST,GREENFIELD,MA,01301-2973,42.6146710,-72.5970630,413-773-19662,3487.32,27
5db9c918-9e4d-38bb-a94c-2c031fcb6fb0,CRABBE CHIROPRACTIC  INC,132 S MAIN ST,ACUSHNET,MA,02743-2772,41.7182170,-70.9011510,508-998-2800,5037.24,39
2f707b82-d76c-3a80-9678-4b8fa4f2a665,NEUROLOGY AND REHABILITATION  PC,300 MOUNT AUBURN ST,CAMBRIDGE,MA,02138-5600,42.3760430,-71.1186800,617-868-0880,4649.76,36
1323b753-623b-3177-9904-8829f1fc7ace,PCP67580,147 POWERS RD,SUDBURY,MA,01776-1043,42.3833670,-71.4210700,508-653-6518,2195.72,17
c1414e2c-48df-3428-92a4-ac36114a2a45,ORTHOPEDIC AND SPORTS PHYSICAL THERAPY OF CAPE COD LLC,160 ROUTE 137,EAST HARWICH,MA,02645-1316,41.7085970,-70.0318560,774-237-0832,29319.32,230
9be53aec-ec1e-3681-bdc9-6fe0c25ec904,PCP67787,747 MAIN ST,CONCORD,MA,01742-3326,42.4629110,-71.3644960,978-369-7070,11753.56,91
3956291a-3345-394a-9588-53b6aa6def35,PCP68037,1093 BEACON ST,BROOKLINE,MA,02446-5623,42.3238530,-71.1420030,617-739-2235,6199.68,48
d71ace90-0787-39a4-a884-6b23118a7f11,PCP68244,18 MOORE ST,BELMONT,MA,02478-2525,42.3953170,-71.1802840,617-489-4888,3616.48,28
8b607111-30ff-3014-bf43-3a9d61993538,CHAMPIONSHIP PHYSICAL THERAPY LLC,57 PUTNAM ST,WINTHROP,MA,02152-2902,42.3755410,-70.9706460,617-846-5609,3745.64,29
060f5b13-56d0-3500-bbb5-008bcb8fe70a,PCP71080,43 COLUMBIA ST,BROOKLINE,MA,02446-2407,42.3238530,-71.1420030,617-730-8120,8524.56,66
a1bedf73-1a07-3f12-b93d-1c0aff4fdb8e,SAPERIA ORTHOPAEDICS AND SPORTS MEDICINE INC,72 WASHINGTON ST,TAUNTON,MA,02780-2491,41.9033240,-71.0949870,508-824-1824,10074.48,78
cad09f44-4aea-35ba-8979-5c7d7a11d340,PCP71398,344 HARVARD ST,BROOKLINE,MA,02446-2917,42.3238530,-71.1420030,617-734-5957,2712.36,21
eb202f89-722d-3e19-8085-e5cbfe96c5ba,PCP72131,30 GORHAM ST,LOWELL,MA,01852-2575,42.6389800,-71.3211410,978-452-4223,3487.32,27
d344c3ca-e7bd-3da2-81e0-f4ef43e0e4cf,PCP72310,10 LANGLEY RD,NEWTON CENTRE,MA,02459-1972,42.3318760,-71.2084020,617-969-6693,3616.48,28
c03afdc3-c4da-3d00-8916-e4fde08e187c,PCP72513,817 MERRIMACK ST,LOWELL,MA,01854-3548,42.6389800,-71.3211410,978-458-7510,2841.52,22
df5a72fa-fb57-3a95-b115-665b3e2f0aa3,PCP72587,80 BOSTON TPKE,SHREWSBURY,MA,01545-3601,42.2847670,-71.7142280,508-217-7200,3358.16,26
eb41a4ec-fbbe-336c-9987-cae575551845,PCP72673,700 WASHINGTON ST,DEDHAM,MA,02026-4427,42.2468720,-71.1794620,781-329-8660,4262.28,33
47d8c4f0-874d-3180-b9ef-037a41f22a11,PCP73239,54 CLARK RD,BROOKLINE,MA,02445-6030,42.3238530,-71.1420030,617-731-3978,1937.40,15
529d130f-9c51-3461-ac43-46c481038762,MICROSURGICAL EYE CONSULTANTS,31 CENTENNIAL DR,PEABODY,MA,01960-7901,42.5342790,-70.9697820,978-531-4400,4003.96,31
9b3c647e-19a8-3017-9980-cb3c0160f3d9,CHARLTON FAMILY PRACTICE,246 SOUTHBRIDGE RD,CHARLTEN,MA,01507-7251,42.0972820,-72.0550340,508-248-4801,6974.64,54
4ca1bde9-84f1-320d-86dc-39bf90ecdd19,PCP74995,311 B MAIN ST,WILLIAMSTOWN,MA,01267-2610,42.6957430,-73.2221180,413-652-1554,6458.00,50
a4d9807c-ee1c-3cd6-94e5-c46ffae90643,PCP75141,76 BEDFORD ST,LEXINGTON,MA,02420-4640,42.4452220,-71.2300150,339-223-0250,7232.96,56
35e71418-a7ea-3693-8ea3-6544d35784aa,PCP75285,654 WASHINGTON ST,BRAINTREE,MA,02184-5747,42.2054160,-71.0021680,781-356-4600,2324.88,18
49a2c683-61e9-340a-83b1-180d87b01c03,PROFESSIONAL PHYSICAL THERAPY AND SPORTS MEDICINE INC,620 OLD W CENTRAL ST,FRANKLIN,MA,02038-2912,42.0848580,-71.4105710,508-528-6100,6587.16,52
fb28cf4c-955b-32c7-906e-4b9ad6f5678a,LC HOLBROOK  INC.,169 N FRANKLIN ST,HOLBROOK,MA,02343-1111,42.1403460,-70.9978610,781-767-5200,6199.68,49
09548a91-70ff-3bb3-8f61-ee52f80665c2,PIONEER VALLEY OPHTHALMIC CONSULTANTS  P.C.,10 HOSPITAL DR,HOLYOKE,MA,01040-6643,42.2116560,-72.6424480,413-536-3010,4908.08,38
a311cff8-ee06-3573-ba5a-42e96e52b0fb,PCP80372,9 ALEXANDER AVE,BELMONT,MA,02478-4802,42.3953170,-71.1802840,617-484-8235,6199.68,48
82ee9d10-54f5-32aa-803a-1c6f80f4d74c,PCP80867,241 PERKINS ST,JAMAICA PLAIN,MA,02130-4010,42.3319600,-71.0201730,617-699-9876,10461.96,81
6069f204-87ec-36e2-a5f6-da4a54993f39,PCP81196,20 TREMONT ST,DUXBURY,MA,02332-5311,42.0443070,-70.7060450,781-934-1599,8395.40,65
2fbb5641-948c-3774-97fa-5bd1e5cd50df,PCP81276,127 WASHINGTON ST,NORWELL,MA,02061-1711,42.1645690,-70.8188440,781-878-2020,7103.80,55
9947a8a4-1b3e-3f26-b2d0-41755a71195f,DENTAL SURGEONS OF FALL RIVER PC,516 HAWTHORN ST,NORTH DARTMOUTH,MA,02747-3733,41.6466860,-70.9991580,508-992-0339,4649.76,36
f05dd4a6-8aa4-34de-96d8-ca02006cdf38,PCP82877,411 MAIN ST,YARMOUTH PORT,MA,02675-1843,41.7069200,-70.2211170,508-221-0241,11107.76,86
0507f525-c041-34d0-b731-f39f2b7239c0,PCP83022,32 E NORTHFIELD RD,NORTHFIELD,MA,01360-9668,42.6770910,-72.4538760,413-773-0009,5424.72,43
cec2cd99-6c3d-3286-b692-33adf5f01285,MONTAGUE PSYCHOLOGICAL ASSOCIATES,356 MONTAGUE CITY RD,TURNERS FALLS,MA,01376-1830,42.5974450,-72.5552780,413-774-2981,4262.28,33
3b5067a8-36ad-367c-b73e-2b6220a5f290,PCP83090,4 TANNERY BROOK ROW,SOMERVILLE,MA,02144-2758,42.3904450,-71.1010330,617-726-1736,3874.80,30
7f7c08c8-1c39-3b26-bd34-5122a003dd91,PCP83180,107 FERRY ST,EVERETT,MA,02149-4940,42.4059380,-71.0546490,617-389-6951,8395.40,65
e31728d2-e211-354d-9bb6-798887761da5,PCP88738,9 MILL AND MAIN PL,MAYNARD,MA,01754-2651,42.4259550,-71.4562560,,7878.76,61
909a0f76-d1bc-3354-a883-82d002a29123,LYNNFIELD PSYCHOLOGICAL ASSOCIATES  PC,180 MAIN ST,LYNNFIELD,MA,01940-2514,42.5341460,-71.0383330,781-334-2644,9557.84,74
9dd6b488-2cc9-3383-a460-09a6523ce78c,WESTON PRIMARY CARE  PC,56 COLPITTS RD,WESTON,MA,02493-1568,42.3605020,-71.3034330,781-891-0906,774.96,7
d32d8049-07fd-3692-9c16-1915fd26afad,PCP89345,990 PARADISE RD,SWAMPSCOTT,MA,01907-1395,42.4680590,-70.8912600,,4003.96,31
6ad683e2-8401-3bfe-9d9b-4fa263d2d92f,PCP91959,4 CYPRESS ST,BROOKLINE,MA,02445-6871,42.3238530,-71.1420030,617-650-3522,12399.36,96
87f6941d-90f6-3c1d-b443-4038458cf8d7,PLATINUM PHYSICAL THERAPY  INC.,15 W UNION ST,ASHLAND,MA,01721-1464,42.2577550,-71.4735260,508-881-6750,9557.84,74
150aa536-7e63-34a3-8e88-a5c266306a91,PCP92836,33 ELECTRIC AVE,FITCHBURG,MA,01420-7954,42.6019770,-71.8158700,,5553.88,43
aef37af6-e500-36b8-b89f-873372229685,PCP93347,1 BROOKLINE PL,BROOKLINE,MA,02445-7237,42.3238530,-71.1420030,,5424.72,42
f9d686d4-0133-30a3-ab72-80c9e93921f4,PCP95496,169 N FRANKLIN ST,HOLBROOK,MA,02343-1111,42.1403460,-70.9978610,,5424.72,42
4e361f0f-f13f-34e7-b7c0-6a3720887572,PCP96478,303 C HAVERHILL ST,ROWLEY,MA,01969-2115,42.7214950,-70.8866370,,6070.52,47
de36f40b-6ae9-3c9c-8327-79d800f086f0,PCP97489,300 W MAIN ST B,NORTHBOROUGH,MA,01532-1626,42.3233420,-71.6462360,,2454.04,19
b9b400f9-1c95-3d0e-b6e4-15d5d33304f9,PCP97541,94 N ELM ST,WESTFIELD,MA,01085-1641,42.1388380,-72.7559110,,5683.04,44
a765c05e-ac8a-391d-bab9-3d70749cd6e8,PCP97604,585 LEBANON ST,MELROSE,MA,02176-3225,42.4557230,-71.0590190,781-979-3000,6845.48,53
3f6b47c8-cace-367c-9d78-c518c184365f,PCP100150,33 UNION ST,SOUTH WEYMOUTH,MA,02190-2314,42.2066760,-70.9458450,,3487.32,27
6f72fdcc-46a5-330a-b956-d915dd5cbc0a,PCP102335,216 CENTRE ST,MALDEN,MA,02148-5526,42.4293800,-71.0587060,,11366.08,88
5181acd0-4c26-3172-9068-138966873eb6,PCP102671,22 W ST,MILLBURY,MA,01527-2622,42.1922460,-71.7776490,,9041.20,70
8d99f121-4a71-3d6c-b31b-22665da28817,PCP102891,651 WASHINGTON ST,BROOKLINE,MA,02446-4518,42.3238530,-71.1420030,,5166.40,40
f6c2e178-9469-3297-aa75-a4a5ff3d91c7,PCP103886,1501 MAIN ST,TEWKSBURY,MA,01876-2084,42.6120880,-71.2278450,,1937.40,15
2a4518d8-7014-3404-b2e9-1c30c76b6a12,OUTBACK PHYSICAL THERAPY  INC.,149 A HIGHLAND AVE,SOMERVILLE,MA,02143-1650,42.3904450,-71.1010330,617-718-9300,5037.24,39
7048f223-5fe7-3864-a96e-b9acc08cc8c7,PCP106281,141 BRIDGE RD,SALISBURY,MA,01952-2400,42.8447940,-70.8414990,,14207.60,110
641c80f2-5f38-3fe8-ae8d-1d96687c699a,REHAB RESOLUTIONS INC,627 COLLEGE HWY,SOUTHWICK,MA,01077-9829,42.0525700,-72.7773530,413-831-6167,11624.40,90
c8503473-91ae-381f-b49e-dc633a30fb5a,PCP110373,510 CHAPMAN ST,CANTON,MA,02021-2096,42.1757370,-71.1253850,,2712.36,22
1d9793e4-b135-33d8-b90e-521cedb608cc,PCP110579,611 LEOMINSTER RD,LUNENBURG,MA,01462-2013,42.5826070,-71.7204640,,9687.00,75
bcb26f1b-a37d-37dd-8819-c5dd6b6d9f74,PCP111254,22 PLEASANT ST,WEST BRIDGEWATER,MA,02379-1506,42.0216170,-71.0267170,,5553.88,43
42bab40f-8586-3ff2-820b-5f70251d3068,PCP112017,1147 HANCOCK ST,QUINCY,MA,02169-4330,42.2610060,-71.0089880,,7749.60,60
67f862f0-9a48-3bf8-a95b-cde4979ae062,PCP112182,335 MAIN ST,SAUGUS,MA,01906-3143,42.4684320,-71.0139460,781-233-9570,7620.44,59
297e845b-327b-32f5-a78d-5885ab951c05,PCP112956,879 COUNTY ST,SOMERSET,MA,02726-5033,41.7384790,-71.1650650,,8395.40,65
e7b1c64d-6e41-30d7-bd3b-5e171fbc7744,PCP113702,44 CHARLES ST,PITTSFIELD,MA,01201-3302,42.4518400,-73.2606850,,4520.60,35
d9242200-7588-3df0-8ff0-61a45b07c487,PCP114043,32 NYE AVE,ACUSHNET,MA,02743-2750,41.7182170,-70.9011510,,37585.56,291
5445cc47-4b0f-37a6-9223-418b20a0693f,PCP115864,16 WINTER ST,SOUTHBOROUGH,MA,01745-1029,42.2996250,-71.5284270,,8912.04,69
00065b1c-5e71-3da5-907f-e9fc33eddbbf,PCP115959,170 MAIN ST E,MONSON,MA,01057-1353,42.0935960,-72.3214940,,8266.24,64
ca857cf3-cda4-3db3-bb09-62d836ac3f94,PCP116575,23 VILLAGE INN RD,WESTMINSTER,MA,01473-1660,42.5546000,-71.9054400,978-874-6200,4391.44,34
5fc5349f-9ce7-364c-96ce-9a27873204e3,PCP116640,35 MAIN ST,SAUGUS,MA,01906-2305,42.4684320,-71.0139460,781-233-1946,13949.28,108
c2c9a655-efd6-36f5-af9c-3dd46c1f7a03,PCP116731,679 PLEASANT ST,PAXTON,MA,01612-1380,42.3116930,-71.9402820,,4778.92,37
a5207d31-ad44-3807-9b19-03da35e04294,PCP118141,229 E MAIN ST,MILFORD,MA,01757-2832,42.1586920,-71.5214190,508-473-2501,6070.52,47
f33124ba-95bf-378a-858b-ecbf737c1334,PCP118611,126 PRESIDENT AVE,FALL RIVER,MA,02720-2649,41.7253510,-71.0941620,,6328.84,49
0a7a71d0-faaa-3ac4-9b79-de57a6d56f8f,PCP120560,121 BROAD ST,LYNN,MA,01901-1629,42.4748620,-70.9621850,,3874.80,30
476a6290-43dd-32db-872f-9c7ad4f04d56,EXETER EYE ASSOCIATES LLC,159 SQUARE ONE MALL,SAUGUS,MA,01906-4181,42.4684320,-71.0139460,781-231-1535,4778.92,37
42155e5d-1678-389e-bf85-3af30a5700fa,PCP123154,512 MAIN ST,SHREWSBURY,MA,01545-6405,42.2847670,-71.7142280,,18082.40,140
1776755d-7040-3d15-b588-d67de0149d76,PCP124300,5 CROWLEY RD,WESTHAMPTON,MA,01027-9637,42.3140780,-72.7779770,,4520.60,36
ed03dc2d-0567-3395-92df-4c18d4993565,PCP127028,391 BROADWAY,EVERETT,MA,02149-0009,42.4059380,-71.0546490,,9428.68,73
7828e5ea-1d0c-3cb2-a168-cbca730c12ee,A PLUS CHIROPRACTIC MANAGEMENT INC,2360 CRANBERRY HWY,WEST WAREHAM,MA,02576-1208,41.7917360,-70.7578720,508-273-0190,23507.12,182
3fe0fb59-f52b-3323-8fea-d05ccb31a177,PCP129774,250 SALEM ST,REVERE,MA,02151-1018,42.4210050,-70.9903600,,1420.76,11
0ac2db30-f3cf-3db9-a0ac-236e1b382b70,PCP129844,114 WHITWELL ST,QUINCY,MA,02169-1870,42.2610060,-71.0089880,617-639-5006,8137.08,63
bdbe5a28-66cd-37af-b959-ecb293bc6908,PCP130156,101 AMESBURY ST,LAWRENCE,MA,01840-1311,42.7002730,-71.1613570,,7878.76,62
1c33591a-c3e1-3895-862f-84b61983199c,PCP131358,539 LINCOLN AVE,SAUGUS,MA,01906-3892,42.4684320,-71.0139460,,5553.88,43
7af15bd8-12c4-397b-8018-a1dd2c1085a7,PCP131692,199 REEDSDALE RD,MILTON,MA,02186-3926,42.2415570,-71.0824320,,8137.08,63
04c749da-634e-3e9e-9806-a5052635370e,PCP133287,1592 GAR HWY,SOMERSET,MA,02726-1210,41.7384790,-71.1650650,,9557.84,74
b3633532-6445-333c-82d2-d2575d840abe,PCP134756,185 LINCOLN ST,HINGHAM,MA,02043-1743,42.2243190,-70.8806730,,7362.12,57
a7d76183-97c6-3804-93aa-7919103d1c6c,BOSTON VISION WORKS INC,335 MAIN ST,SAUGUS,MA,01906-3143,42.4684320,-71.0139460,,6458.00,50
8b372f3b-8269-325b-99c1-b7e8b581ae34,PCP135256,61 LINCOLN ST,FRAMINGHAM,MA,01702-8264,42.3079050,-71.4361960,508-879-5040,4003.96,31
740b5dfb-075d-3b29-8052-55d810031939,PCP135446,87 METACOMET ST,BELCHERTOWN,MA,01007-9795,42.2790100,-72.4004680,,10332.80,80
586d90ae-7754-30c2-996b-9e62e75227d3,PCP136067,163 N MAIN ST,NORTH BROOKFIELD,MA,01535-1400,42.2675640,-72.0668760,,51922.32,404
34abc2c2-7cc9-3bfe-88c5-3c8d941d2bdc,PCP136682,296 FALL RIVER AVE,SEEKONK,MA,02771-5506,41.8397980,-71.3180470,,2841.52,22
5f5140f3-df3b-3af2-bc42-a671fc6a5a28,PCP137171,17 N AVE,ROCKLAND,MA,02370-2123,42.1292510,-70.9087360,,12528.52,97
fec69aaf-68b9-34aa-8f17-f651ee67b771,PCP138116,2500 MAIN ST,TEWKSBURY,MA,01876-3184,42.6120880,-71.2278450,978-657-6009,11236.92,87
88e4e804-522f-3b0a-bd56-4668452dff5e,PCP139219,755 GRATTAN ST,CHICOPEE,MA,01020-1238,42.1756680,-72.5722570,,5295.56,41
3c05822a-8791-3499-b10e-8c9d4e21a9ee,PCP140845,60 AUSTIN ST,NEWTONVILLE,MA,02460-1857,42.3318760,-71.2084020,,5037.24,39
cedd6b5c-071e-354d-bdf1-7b95186ab530,PCP141059,30 LAFAYETTE SQ,HAVERHILL,MA,01832-4739,42.7829450,-71.0874360,,1162.44,9
afab4f90-7459-32ee-b0e2-8098e831667d,PCP143030,21 MAIN ST,NORTH READING,MA,01864-2286,42.5782220,-71.0843980,978-664-1610,7620.44,59
3ed98587-8c4c-33b4-9cbe-ec7fc451d2b6,PCP143874,242 JOHN WISE AVE,ESSEX,MA,01929-1027,42.6404200,-70.7711720,,5166.40,40
03196bec-0c19-35bc-af2f-dbefb979cf6c,PCP144050,100 HIGHLAND ST,MILTON,MA,02186-3874,42.2415570,-71.0824320,617-696-0082,10978.60,85
8acdc9ed-79b4-378f-9f2e-73841f346a69,PCP144231,175 DWIGHT RD,LONGMEADOW,MA,01106-1767,42.0475650,-72.5711300,,1033.28,8
9e2804c2-dd28-3eeb-a5fe-c24d79469ee2,DERMCARE PHYSICIANS AND SURGEONS  LLC,27 VILLAGE SQ,CHELMSFORD,MA,01824-2712,42.5970550,-71.3697000,978-244-0060,2583.20,20
060d4631-3566-3d04-9205-2827b0f87c2e,PCP144782,111 EVERETT AVE,CHELSEA,MA,02150-2380,42.3968240,-71.0313480,,22861.32,179
200fda80-4f41-3747-bfb4-5db70c2e3868,PCP144929,274 WESTFIELD ST,WEST SPRINGFIELD,MA,01089-2572,42.1254510,-72.6497340,,6458.00,50
ccfa9a1e-d003-3997-acd1-6f4b1c79b83c,NEW ENGLAND CONSULTANTS IN GASTROENTEROLOGY AND HEPATOLOGY PC,43 LINCOLN ST,FRAMINGHAM,MA,01702-8205,42.3079050,-71.4361960,508-872-0508,4133.12,32
100b141b-3f51-3916-97e3-c6a74f0eda16,PCP146764,194 S MAIN ST,WEST BRIDGEWATER,MA,02379-1770,42.0216170,-71.0267170,,5295.56,41
8a6d61e9-d473-36a4-8d86-11ce63e10a7c,PCP148569,47 ELM ST,DANVERS,MA,01923-2835,42.5741740,-70.9505160,,3616.48,28
e733e4f3-5172-331e-a76f-b76596df4e09,PCP150845,26 STATE ST,LYNN,MA,01901-1505,42.4748620,-70.9621850,,4003.96,31
5bba1a73-d276-3664-81ca-d6057b5b19e5,MERCY FAMILY PRACTICE PC,250 GREEN ST,GARDNER,MA,01440-1377,42.5842060,-71.9887370,978-632-6445,4262.28,33
e8a5ea3a-5261-3782-8a48-fb72e328c3ba,PCP152351,116 CAMP ST,HYANNIS,MA,02601-3095,41.6472270,-70.2499780,,3229.00,25
d274fa4a-665d-3edf-bbee-4357bf9fcf7e,PCP152991,920 PLYMOUTH AVE,FALL RIVER,MA,02721-1944,41.7253510,-71.0941620,,3874.80,30
713ea039-9274-3868-ae43-2d2a7b74e334,PCP157187,50 TREMONT ST,MELROSE,MA,02176-2721,42.4557230,-71.0590190,,7103.80,55
f90cf2ac-d428-3efa-a247-6c92373a5996,PCP159648,300 MOUNT AUBURN ST,CAMBRIDGE,MA,02138-5665,42.3760430,-71.1186800,617-661-0567,1420.76,11
a169e166-6db0-3ae6-93ac-bfcba0271b9d,PCP159984,2034 A CENTRE ST,WEST ROXBURY,MA,02132-3326,42.3319600,-71.0201730,,8912.04,69
d824a1d0-91c1-3bf7-984d-e1c489508e79,EYE EXAMS  LLC,339 SQUIRE RD,REVERE,MA,02151-4309,42.4210050,-70.9903600,781-289-5900,3616.48,28
219754e0-e530-3e9d-a496-987d1d7c8705,PCP161669,194 CENTRAL ST,SAUGUS,MA,01906-2107,42.4684320,-71.0139460,,3874.80,30
e20b66bc-e239-3b8d-bde9-a3d60a4ea27d,PCP162061,81 B MAIN ST,MEDWAY,MA,02053-1867,42.1562030,-71.4303450,,2712.36,21
39f0d0e7-798c-39cb-b2d3-73f6cb7dfed4,PCP162430,48 CONGRESS ST,SALEM,MA,01970-5137,42.4992480,-70.8982040,,5683.04,44
a06c5c41-c336-351e-973e-56695f62e9b8,PCP163421,68 DEAN ST,TAUNTON,MA,02780-2713,41.9033240,-71.0949870,,9041.20,70
db6bd9cc-7e09-31e3-bc02-7138105c7661,PCP166697,172 COUNTY ST,SOMERSET,MA,02726-4202,41.7384790,-71.1650650,,7103.80,55
616aa60c-0364-3315-ae16-7133ae5181bd,PCP167233,336 MAIN ST,WAKEFIELD,MA,01880-5013,42.5043600,-71.0640610,,11236.92,88
3c8b233a-6c05-3357-b6e0-97306efcf971,PCP167629,54 MAPLE AVE B,RUTLAND,MA,01543-1527,42.3882850,-71.9698650,,12528.52,97
9dbb19cc-ead3-3b8c-9a02-430632d7dade,ORTHOPEDIC AND SPORTS PHYSICAL THERAPY  LLP,161 COLLEGE AVE,MEDFORD,MA,02155-5528,42.4238440,-71.1092310,617-627-5102,7362.12,57
75bc27b3-2841-3c4f-9069-13bed81bfa6c,PCP168395,181 STATE RD,WHATELY,MA,01093,42.4309950,-72.6424370,,19632.32,153
8e7be35d-c07f-300c-bd19-ffd1933e3e8f,POSTUM EYE CARE INC,100 VALLEY PKWY,WHITINSVILLE,MA,01588-1743,42.1192280,-71.6718220,508-234-4678,7749.60,60
b4ad3a53-b080-3f70-9395-fdffd3ef2c9e,URGENT CARE SPECIALISTS PC,2040 BOSTON RD,WILBRAHAM,MA,01095-1380,42.1268830,-72.4309520,413-599-3800,2712.36,21
f43ccb73-d283-3d31-90d3-58e65ef30d0b,ADULT AND PEDIATRIC DERMATOLOGY  P.C.,340 MAPLE ST,MARLBORO,MA,01752-3295,42.3496170,-71.5472140,508-460-9613,7620.44,59
2acd3148-fcd7-3092-8cac-60cafaeea43e,PCP171542,189 CHURCH ST,CARLISLE,MA,01741-1854,42.5366200,-71.3618320,978-369-5093,4003.96,31
f75d0f64-ce0e-3e37-9671-4d29d4ed8c81,PCP171884,17 BROWNE ST,BROOKLINE,MA,02446-3804,42.3238530,-71.1420030,617-739-6591,258.32,2
c70f789a-e244-3048-bbb7-c786d3f5de9b,BICKFORD HEALTH ASSOCIATES PC,714 MAIN ST,YARMOUTH PORT,MA,02675-2000,41.7069200,-70.2211170,508-362-1600,7491.28,58
7638b2b1-dbae-3cf5-bd72-676b736b7c87,STREFF ASSOCIATES  LLC,132 GREAT RD,STOW,MA,01775-1189,42.4296880,-71.5125140,978-263-04395,16919.96,131
e31b013c-5d22-3904-9b9c-ae8f1ce5690e,CONNECTICUT VALLEY ORAL SURGERY ASSOCIATES  PC,285 HIGH ST,GREENFIELD,MA,01301-2608,42.6146710,-72.5970630,413-774-2961,9428.68,73
e0ca0c69-8ba4-35e5-aa72-ea06997ed383,HILLTOWN COMMUNITY HEALTH CENTERS INC,58 OLD N RD,WORTHINGTON,MA,01098,42.3975590,-72.9433920,413-238-5511,13303.48,103
dea603e3-1eca-34ac-a7b9-566138fc878b,GATEWAY PHYSICAL THERAPY AND WELLNESS CORP,80 RUN WAY,LEE,MA,01238-9612,42.3031740,-73.2339240,413-243-3477,904.12,7
7596f38c-d46c-3be1-b263-c676a4f3fe5f,URGENT CARE SPECIALISTS PC,5 SHREWSBURY ST,HOLDEN,MA,01520-1960,42.3558010,-71.8625740,508-829-3800,14078.44,109
d90869a6-06dc-31df-b4ca-e879d143ad44,ORTHOPAEDIC SPECIALISTS OF MASSACHUSETTS PC,825 WASHINGTON ST,NORWOOD,MA,02062-3488,42.1873640,-71.1959710,781-769-6720,4520.60,35
ad18df08-2958-3f21-a5af-f62a276ff31f,PCP177981,323 BOSTON POST RD,SUDBURY,MA,01776-3022,42.3833670,-71.4210700,978-440-9404,4133.12,32
d0bf7c57-4f7c-3ff3-8995-14f5736df59f,PCP179871,4 W PARISH COURT,HAVERHILL,MA,01832-1166,42.7829450,-71.0874360,978-758-1177,3099.84,25
ddc1c390-e655-389a-af24-e55ec92f0eff,CENTER FOR PSYCHIATRIC MEDICINE PC,290 MERRIMACK ST,LAWRENCE,MA,01843-1782,42.7002730,-71.1613570,978-685-8800,6199.68,48
4d28062f-5fc8-3a67-a85e-26f5bef05e34,WACHUSETT RADIOLOGY INC,242 GREEN ST,GARDNER,MA,01440-1373,42.5842060,-71.9887370,978-630-6235,4908.08,38
f576aee3-a640-3b72-85de-0294c44bf0e4,PCP185525,1732 MAIN ST,CONCORD,MA,01742-3837,42.4629110,-71.3644960,,3745.64,29
4bac2e3e-0bdd-3916-b5a8-f175fa5c80d1,BROCKTON AREA MULTI-SERVICES  INC.,288 BEDFORD ST,WHITMAN,MA,02382-1820,42.0789740,-70.9393900,781-447-6425,12011.88,93
07528ac5-94f7-352d-b3e2-fd7269c88baa,HD PHYSICAL THERAPY LLC,607 N AVE,WAKEFIELD,MA,01880-1322,42.5043600,-71.0640610,781-587-0776,7103.80,55
c3c463d8-c74a-3b85-915b-8e4356df2ee7,COMMONWEALTH PATHOLOGY PARTNERS PC,500 LYNNFIELD ST,LYNN,MA,01904-1424,42.4748620,-70.9621850,781-477-3454,6458.00,50
09aafb68-8363-327f-b033-a690de7a2930,NEW ENGLAND INPATIENT SPECIALIST LLC,2033 MAIN ST,ATHOL,MA,01331-3535,42.5759240,-72.2296180,978-669-5620,5424.72,42
242e5bbe-87a7-3a15-8847-8ff68aba0c09,DALTON MEDICAL ASSOCIATES  LLP,33 N ST,DALTON,MA,01226-1202,42.4798190,-73.1537760,413-684-2110,3099.84,24
f764c747-7147-3337-b677-a6042ab63268,PCP189356,817 MERRIMACK ST,LOWELL,MA,01854-3548,42.6389800,-71.3211410,,6458.00,50
e8c5ab6a-d57f-3e04-bba8-82041d34434c,PCP189838,72 WASHINGTON ST,TAUNTON,MA,02780-2470,41.9033240,-71.0949870,,6199.68,48
cd300275-3f4d-3adb-98aa-4e5bba25be24,PCP191696,990 PARADISE RD,SWAMPSCOTT,MA,01907-1309,42.4680590,-70.8912600,781-599-7802,4003.96,31
175224dd-5077-32bb-a1c8-8ee94e699f71,NEW ENGLAND SPINE CARE ASSOCIATES  LLC,799 CONCORD AVE,CAMBRIDGE,MA,02138-1048,42.3760430,-71.1186800,617-547-7163,2324.88,18
3d879520-4410-39af-9540-10b7a5bea964,PCP193003,35 BROOKFIELD RD,DOVER,MA,02030-1805,42.2341600,-71.2911670,,6587.16,51
0e7998eb-cf99-3b10-9381-4b3f4bf4d320,COMMUNITY HEALTHLINK INC,275 NICHOLS RD,FITCHBURG,MA,01420-1919,42.6019770,-71.8158700,978-401-3970,7749.60,60
f16be999-a065-35c2-90d5-13cc32170aad,FCP  INC,76 CHURCH ST,WHITINSVILLE,MA,01588-1464,42.1192280,-71.6718220,508-234-4181,13561.80,105
0de7d64d-5c6f-3250-a082-bfa1d59b735d,ARRIGG ASSOCIATES   P.C.,439 S UNION ST,LAWRENCE,MA,01843-2800,42.7002730,-71.1613570,978-686-2983,3745.64,29
e3589374-6bee-3d87-9da7-41d467537ccc,HALLMARK IMAGING ASSOCIATES  PC,170 GOVERNORS AVE,MEDFORD,MA,02155-1643,42.4238440,-71.1092310,781-306-6800,18986.52,148
8f36bc13-1f10-3a6e-ac00-7a0fd563c651,HALLMARK IMAGING ASSOCIATES  PC,41 MONTVALE AVE,STONEHAM,MA,02180-2429,42.4742080,-71.0976650,781-224-5860,7749.60,60
580414e6-7ed5-36e1-8705-1c9cf627a28e,ROBERT J OBRIEN JR MD AND ASSOC PC,833 MAIN ST,MELROSE,MA,02176-2715,42.4557230,-71.0590190,781-729-4878,3874.80,30
e3658c1a-ee29-381e-b3ba-2eb5460a0ce9,HALLMARK IMAGING ASSOCIATES  PC,101 MAIN ST,MEDFORD,MA,02155-4540,42.4238440,-71.1092310,781-391-2121,4391.44,34
e7f8d3e4-a56f-3178-964b-ce0f51326c58,PCP200248,22 FAIRWAY DR,NORTHBOROUGH,MA,01532-2072,42.3233420,-71.6462360,508-259-7684,4262.28,33
2ef3ad7f-aaeb-3195-96be-2f1c3d6abf11,PCP200811,73 CHESTNUT ST,SAUGUS,MA,01906-1605,42.4684320,-71.0139460,781-233-8123,7103.80,55
494c2f52-0328-301e-9555-694b326f87a6,HEALTHCARE SOUTH PC,56 NEW DRIFTWAY,SCITUATE,MA,02066-4533,42.2050620,-70.7429780,781-544-1388,3616.48,28
752207c6-2e3a-3aa3-bc06-8e90e4c1fd0b,DRX UC SAUGUS PC,371 BROADWAY,SAUGUS,MA,01906-1905,42.4684320,-71.0139460,781-233-1000,9299.52,73
c8b25caa-eaf0-3f1a-a2b8-b2daa526618a,PCP205980,24 MASSACHUSETTS AVE,LUNENBURG,MA,01462-1248,42.5826070,-71.7204640,,35777.32,277
8088dc8d-de71-3de0-9a8b-71baf0ce24fb,PCP210155,34 AGASSIZ AVE,BELMONT,MA,02478-5023,42.3953170,-71.1802840,,1679.08,13
ea3c261b-50d8-30a0-917c-7a31f2862e97,PCP211168,1153 CENTRE ST,JAMAICA PLAIN,MA,02130-3446,42.3319600,-71.0201730,617-522-5800,11366.08,88
326cf4da-678f-3c88-b807-0231e99cca68,CHARLES RIVER MEDICAL ASSOCIATES  PC,20 HOMER AVE,ASHLAND,MA,01721-1752,42.2577550,-71.4735260,508-881-5590,3229.00,25
40804e41-b3a3-36d7-8586-74cd9cf79a4e,PCP212451,25 COBB RD,ASHBURNHAM,MA,01430-1210,42.6486970,-71.9198960,978-827-0770,3874.80,30
0982db2c-c422-3e3e-bbf5-fe4bdb5c7c67,PCP212787,20 SCHOOL ST,SOUTH DARTMOUTH,MA,02748-3815,41.6613030,-70.9379130,508-996-0602,10978.60,85
1181ee93-064c-37c8-9189-b749daf0e090,PCP215269,565 TURNPIKE ST,NORTH ANDOVER,MA,01845-5936,42.6739090,-71.0913340,978-686-3020,2454.04,19
c69e9935-9b89-3f07-bc89-a4f298925a27,PCP217664,112 WESTFIELD ST,W SPRINGFIELD,MA,01089-2578,42.1254510,-72.6497340,,2970.68,23
98bf7324-756a-3b13-b2db-ef32984ba7f9,PCP218404,20 CARTER ST,TEWKSBURY,MA,01876-1404,42.6120880,-71.2278450,,5553.88,43
7753a595-c36a-360d-9fe9-226a9f7b822e,ST. VINCENT RADIOLOGICAL ASSOC.  INC.,14 RICE RD,TEMPLETON,MA,01468-1332,42.5634820,-72.0754720,978-939-2035,7491.28,58
d11326fd-9ee8-321f-a9d6-382f526d2b94,ELITE SPORTS INC,97 GREEN ST,FOXBOROUGH,MA,02035-2865,42.0613380,-71.2458020,781-297-0979,8395.40,65
7421405c-6f9c-3a00-b83d-018d05c56918,ESSEX COUNTY OBGYN ASSOC INC,298 WASHINGTON ST,GLOUCESTER,MA,01930-4832,42.6288500,-70.6858750,978-927-4800,4520.60,35
4c793a84-3ff1-3a1e-8453-dc20febba4f9,BOSTON NEUROPSYCHOLOGICAL SERVICES  LLC,687 HIGHLAND AVE,NEEDHAM,MA,02494-2232,42.2815930,-71.2424140,781-559-8444,3745.64,29
bb631f07-f921-3465-b3ad-521ac8cab13b,PCP220707,1180 BEACON ST,BROOKLINE,MA,02446-3872,42.3238530,-71.1420030,617-277-0939,3874.80,30
15019426-277a-30bd-9d48-3dde152fe519,HOPEDALE CARDIOVASCULAR ASSOCIATES  LLC,236 MILFORD ST,UPTON,MA,01568-1309,42.1765260,-71.6035880,508-473-1015,4133.12,32
1a87a637-8a07-379d-9d21-3cf3be2b6430,PHYSICAL THERAPY U INC,75 A SCOTLAND BLVD,BRIDGEWATER,MA,02324-2302,41.9723760,-70.9787730,508-697-2000,6974.64,54
7fee7d3e-4b7d-3238-86f1-96700562897c,PCP223767,200 PROVIDENCE HWY,DEDHAM,MA,02026-1881,42.2468720,-71.1794620,781-326-1464,9170.36,72
b2cf6a6d-63c6-331c-8fe7-cd0ddc9954b2,NEUROLOGICAL ASSOCIATES OF WESTERN MA,15 HOSPITAL DR,HOLYOKE,MA,01040-6604,42.2116560,-72.6424480,413-534-5135,8137.08,63
4c992f21-944c-30c5-b851-c5f22fffa031,PCP226397,1 POST OFFICE SQ,LYNNFIELD,MA,01940-2218,42.5341460,-71.0383330,,4908.08,38
00aabe22-bee3-3199-9e16-bee6692967e7,OCEAN STATE CARDIOVASCULAR AND VEIN CENTER  LLC,14 PROSPECT ST,MILFORD,MA,01757-3003,42.1586920,-71.5214190,508-473-1190,7232.96,56
dbadb34a-1bc4-3cd1-9903-b8ff46c8b9d8,PCP229646,8 BUTLER ST,BLACKSTONE,MA,01504-1541,42.0399910,-71.5324060,,12916.00,100
5342f6b7-4ddb-3ca5-a12d-e4f4516a74af,PCP230103,1029 PLEASANT ST,BRIDGEWATER,MA,02324-2301,41.9723760,-70.9787730,,5683.04,44
6040b2da-71a1-3d12-a777-427cbb929931,PCP231204,46 MAIN RD,MONTGOMERY,MA,01085-9522,42.2203950,-72.8349990,413-862-3400,4391.44,34
4b02e56a-7864-3e69-af83-065a9ce5f7e7,PCP233164,170 POND RD,WEST TISBURY,MA,02575-0130,41.3944060,-70.6564470,508-696-9171,10849.44,84
76a80350-916e-3fc9-8fed-2c8c4b36c42f,NORTH SUFFOLK MENTAL HEALTH ASSOCIATION  INC.,301 BROADWAY,CHELSEA,MA,02150-2807,42.3968240,-71.0313480,617-912-7900,8782.88,68
43e1c8ac-cce2-3e8d-8752-ce9045c435cb,PCP236544,365 MAIN ST,WINTHROP,MA,02152-1637,42.3755410,-70.9706460,,4391.44,34
ec255347-40f1-342a-8f39-364490fb46e7,NARRAGANSETT BAY ANESTHESIA  LLC,440 SWANSEA MALL,SWANSEA,MA,02777-4114,41.7581630,-71.2141810,508-324-1171,3616.48,28
2e92e3c2-e372-3bb5-9db1-05408d55dd1a,PIONEER SPINE AND SPORTS PHYSICIANS PC,271 PARK ST,WEST SPRINGFIELD,MA,01089-3311,42.1254510,-72.6497340,413-785-1153,14724.24,114
59acadbb-923a-36e0-ab30-3cd1bdcb7267,SOUTH SHORE RADIOLOGICAL ASSOCIATES  INC.,55 FOGG RD,SOUTH WEYMOUTH,MA,02190-2432,42.2066760,-70.9458450,781-340-8000,5037.24,39
ba10ae09-f51a-31ed-a6ef-44562023c214,SOUTH COUNTY PHYSICAL THERAPY INC,489 WASHINGTON ST,AUBURN,MA,01501-2568,42.1987080,-71.8460060,508-832-2628,4003.96,31
c5907903-97ff-34be-8b78-2ce788dfd1ac,FRAMINGHAM PODIATRY INC,61 LINCOLN ST,FRAMINGHAM,MA,01702-8264,42.3079050,-71.4361960,508-872-9288,2583.20,21
495a2033-76f8-3913-8421-73ac96b8bb08,HARRINGTON MEMORIAL HOSPITAL  INC.,161 W MAIN ST,DUDLEY,MA,01571-3817,42.0537780,-71.9350750,508-943-2944,6974.64,54
94125ea0-b201-39c1-8210-3415a7e40064,SPORTS MEDICINE NORTH ORTHOPAEDIC SURGERY  INC.,2 1ST AVE,PEABODY,MA,01960-4962,42.5342790,-70.9697820,978-818-6350,1808.24,14
d0b5fc59-28d4-3a54-aaca-c93a3f1d3007,D'AMBROSIO EYE CARE INC,479 OLD UNION TURNPIKE,LANCASTER,MA,01523-3029,42.4835690,-71.6755850,978-537-3900,5683.04,44
ab94ae9a-ebf5-366e-a92e-b874dd729b23,COMMUNITY HEALTH PROGRAMS INC,19 DEPOT ST,ADAMS,MA,01220-1856,42.6255600,-73.1198280,413-743-1080,4520.60,35
8d7d041f-f7a1-3703-80bb-058ff1a4b697,MT AUBURN PROFESSIONAL SERVICES,355 WAVERLEY OAKS RD,WALTHAM,MA,02452-8480,42.3889210,-71.2422680,781-893-5550,4262.28,33
395a9f52-1f2d-35cd-8cfe-35e2771f8921,PCP248432,567 CENTRAL ST,BOYLSTON,MA,01505-1523,42.3550490,-71.7161570,508-335-2452,16532.48,128
ce9371e4-4e5c-34d7-bd69-5c81d9d6f421,MASS LUNG AND ALLERGY PC,159 UNION ST,MARLBOROUGH,MA,01752-1274,42.3496170,-71.5472140,508-486-5733,1420.76,11
3db6151a-809b-3539-a615-9eb24297e44d,SOUTH COUNTY PHYSICAL THERAPY INC,73 CANAL ST,MILLBURY,MA,01527-3253,42.1922460,-71.7776490,508-581-8703,3616.48,28
6a1edf74-50e2-3f76-8f4b-f856c7baf839,LAHEY PHYSICIAN COMMUNITY ORGANIZATION I INC,790 BOSTON RD,BILLERICA,MA,01821-5938,42.5596730,-71.2609470,781-505-8700,4003.96,31
4accc89c-6cb0-3c68-b985-eeae348786d4,MILTON CHIROPRACTIC AND REHABILITATION INC,540 GALLIVAN BLVD,DORCHESTER,MA,02124-5400,42.3319600,-71.0201730,617-282-1200,10720.28,83
67ae3fec-7156-3d12-998e-0171f1cc3178,PRACTITIONER SUPPORT SERVICES LLP,888 WORCESTER ST,WELLESLEY,MA,02482-3749,42.3059320,-71.2829170,781-690-6412,10074.48,78
29c84abd-e962-31d2-8c72-032e238a3dc4,PCP253585,1400 CENTRE ST,NEWTON CENTRE,MA,02459-2579,42.3318760,-71.2084020,617-965-6300,3358.16,26
4dbd7271-8daf-3e3f-a1fa-3b34b977dec0,PCP256098,14 MCKENZIE LN,FOXBORO,MA,02035-1151,42.0640240,-71.2484010,508-946-9696,3487.32,27
8edfb78f-6769-3278-9e0d-0b4f2562fe05,PRATT RADIOLOGY ASSOCIATES  INC,800 WASHINGTON ST,BOSTON,MA,02111-1552,42.3385510,-71.0182530,,2066.56,16
add376a3-c999-349e-809d-1b7424405321,THERAFIT 1 AT RIVEREDGE  INC,176 WALKER ST,LOWELL,MA,01854-3126,42.6389800,-71.3211410,978-452-9252,7620.44,59
2d8989f4-642f-31b3-84b0-56643ae70b2d,MILFORD IMAGING  INC.,281 E HARTFORD AVE,UXBRIDGE,MA,01569-1278,42.0611660,-71.6436280,508-278-5573,6328.84,49
92729cd4-156f-3404-b877-1da464e5fb29,HARRINGTON MEMORIAL HOSPITAL  INC.,336 THOMPSON RD,WEBSTER,MA,01570-1587,42.0470750,-71.8458050,508-765-9771,4003.96,31
f56121fb-8f1c-3088-b974-b5bb50ea313d,PCP257706,8 RIVER DR,HADLEY,MA,01035-3540,42.3564910,-72.5686320,413-259-9118,5683.04,45
18362426-1324-35e6-a226-adccb56a7a36,PCP258407,98 S MAIN ST,MIDDLEBOROUGH,MA,02346-2123,41.8780040,-70.8692670,508-947-2155,42493.64,332
76fcc5a2-ce75-3662-8763-1d53b733cef9,PCP258626,25 OLD WESTPORT RD,DARTMOUTH,MA,02747-2537,41.5665100,-70.9582290,508-951-6228,4649.76,36
c4768d20-afaf-3f68-9d6c-416069b687b9,UNIVERSITY PATHOLOGISTS  LLC,43 HIGH ST,WAREHAM,MA,02571-2099,41.7610400,-70.7017790,508-295-0880,9299.52,72
cca33ef5-6b78-3960-9c74-43f6ba7b89ae,HARRINGTON MEMORIAL HOSPITAL  INC.,100 S ST,SOUTHBRIDGE,MA,01550-4051,42.0596690,-72.0340400,,7491.28,58
7834877b-2072-3d79-9137-d5ee86c7503f,PCP259674,50 MEMORIAL DR,LEOMINSTER,MA,01453-2238,42.5208760,-71.7706110,978-840-0400,8137.08,63
f925ac14-e02b-3e20-a170-957cc9b8180e,PCP260615,1311 BEDFORD ST,FALL RIVER,MA,02723-2637,41.7253510,-71.0941620,,3874.80,30
337c1f83-2105-36df-9958-24ecec7231a7,ADVANCED AUDIOLOGY ASSOCIATES INC,1586 MAIN ST,EAST DENNIS,MA,02641,41.7354970,-70.1573880,508-385-5222,15370.04,120
ab135c86-5367-3259-9a03-27af6849d473,PCP263918,69 MAIN ST,LAKEVILLE,MA,02347-1618,41.8344120,-70.9571660,508-947-4400,3099.84,24
364cf084-5db8-36da-9d70-34ff6d4218ec,RIVERSIDE RADIOLOGY MEDICAL GROUP INC,85 BARTLETT HILL RD,CONCORD,MA,01742-1801,42.4629110,-71.3644960,,4649.76,37
cd4d0be6-fe77-3b23-9ef9-bc7a742c20ec,KATHERINE J. ATKINSON  MD  PC,17 RESEARCH DR,AMHERST,MA,01002-2788,42.3635340,-72.5072910,,7749.60,60
90956cfc-8dbb-3ddf-9ee4-c07939406237,MT AUBURN PROFESSIONAL SERVICES,300 MT AUBURN ST,CAMBRIDGE,MA,02138,42.3760430,-71.1186800,617-499-5026,10461.96,81
d6337e51-f70b-3ce2-b1d5-076f429690d9,NORTH SUFFOLK MENTAL HEALTH ASSOCIATION  INC.,301 B BROADWAY,CHELSEA,MA,02150-2830,42.3968240,-71.0313480,617-912-7900,8007.92,62
13146004-4c5e-31b9-a1f7-417b2ca5b56b,MERCY SPECIALIST PHYSICIANS  INC,1233 MAIN ST,HOLYOKE,MA,01040-5381,42.2116560,-72.6424480,413-539-2845,1549.92,12
2591e03a-4c09-3a84-b72f-a7cb8972a849,STURDY MEMORIAL ASSOCIATES  INC.,7 WILKINS DR,PLAINVILLE,MA,02762-2257,42.0127970,-71.3365780,508-695-1444,2195.72,17
c46861d6-36e9-341b-85d5-59d6267b1d40,UMASS MEMORIAL MEDICAL GROUP  INC.,198 AYER RD,HARVARD,MA,01451-1163,42.5042560,-71.5885130,978-456-2355,2583.20,21
4215bb3e-96a5-326d-96c1-b54744a390fd,LAHEY CLINIC  INC.,1 ESSEX CTR DR,PEABODY,MA,01960-2901,42.5342790,-70.9697820,978-538-4000,5424.72,42
e243a3f6-f843-3088-8855-fa268ee5b583,UMASS MEMORIAL MEDICAL GROUP  INC.,201 HIGHLAND ST,CLINTON,MA,01510-1037,42.4118870,-71.6900050,978-368-3731,8395.40,65
a52a936f-5433-3097-bde8-67e2e2ce4553,WACHUSETT EMERGENCY PHYSICIANS  PC,275 NICHOLS RD,FITCHBURG,MA,01420-1919,42.6019770,-71.8158700,662-994-9784,3616.48,28
6d72d80a-a24d-3f4c-b9a3-e38a00047e23,CAMBRIDGE PUBLIC HEALTH COMMISSION,236 HIGHLAND AVE,SOMERVILLE,MA,02143-1495,42.3904450,-71.1010330,617-591-6300,4003.96,31
c3acd2f5-b229-36b6-b359-2e0759cfd888,FAMILY HEALTH CENTER OF WORCESTER  INC.,26 QUEEN ST,WORCESTER,MA,01610-2473,42.2694780,-71.8077830,508-860-7700,2195.72,17
6b917120-a4d4-36f1-896b-0929f9bf5d77,CARL GUSTAFSON LLC,141 BOSTON POST RD,SUDBURY,MA,01776-2405,42.3833670,-71.4210700,781-541-5111,12528.52,97
395511c8-1458-382d-9f1d-7d2f6088a0b7,CARL GUSTAFSON LLC,124 BROADWAY,SAUGUS,MA,01906-1094,42.4684320,-71.0139460,781-941-5002,5812.20,45
ea523243-7b04-32ab-8d93-3e71a8623311,HEBREW REHABILITATION CENTER,100 CENTRE ST,BROOKLINE,MA,02446-2805,42.3238530,-71.1420030,617-363-8010,6458.00,50
206738a3-7e2a-39d2-9f3e-59e4c066c611,MASSACHUSETTS EYE AND EAR ASSOCIATES  INC,1 MONTVALE AVE,STONEHAM,MA,02180-3559,42.4742080,-71.0976650,781-279-0971,3616.48,28
b03dba4f-892f-365c-bfd1-bfcfa7a98d5d,WESTERN MASS PHYSICIAN ASSOCIATES INC,262 NEW LUDLOW RD,CHICOPEE,MA,01020-4488,42.1756680,-72.5722570,413-552-3250,7620.44,59
9cc3a583-4463-3948-8a9f-6900e895fe74,MARATHON PHYSICAL THERAPY AND SPORTS MEDICINE  LLC,250 E MAIN ST,NORTON,MA,02766-2436,41.9653410,-71.1817800,508-285-5533,4520.60,35
bba67f91-f42b-3e7b-a498-c2a9d3f385be,WINCHESTER PHYSICIAN ASSOCIATES INC,12 ALFRED ST,WOBURN,MA,01801-1915,42.4887690,-71.1544380,781-756-4070,6328.84,49
a73d9755-246c-3e55-8d71-f720bc20e2e0,MASSACHUSETTS GENERAL PHYSICIANS ORGANIZATION  INC,151 EVERETT AVE,CHELSEA,MA,02150-1812,42.3968240,-71.0313480,617-884-8300,4649.76,36
785e410f-5894-3d81-a4a7-0319d517db52,UHS OF WESTWOOD PEMBROKE INC,199 OAK ST,PEMBROKE,MA,02359-1912,42.0678040,-70.8057130,781-829-7000,10591.12,83
6103d742-31b1-3e24-9552-034b3b85ae3d,MASSACHUSETTS GENERAL PHYSICIANS ORGANIZATION  INC,311 SERVICE RD,EAST SANDWICH,MA,02537-1370,41.7342140,-70.4306830,508-833-4000,11366.08,88
79359695-f51b-3132-8f81-3316b1faabf7,RADIOLOGY AND IMAGING  INC.,85 S ST,WARE,MA,01082-1625,42.2754620,-72.2801580,413-967-6211,8395.40,65
ca424203-bd79-3a84-bdb0-1144382a31f1,STEWARD MEDICAL GROUP  INC,324 MASSACHUSETTS AVE,LUNENBURG,MA,01462-1219,42.5826070,-71.7204640,978-582-4587,6587.16,51
c7e5f085-09bf-3431-aeea-a02f898ca4a8,MEDICAL CARE OF BOSTON MANAGEMENT CORPORATION,1180 BEACON ST,BROOKLINE,MA,02446-3806,42.3238530,-71.1420030,,3616.48,28
04842e49-944e-3779-954d-2657371330b5,BAY STATE PHYSICAL THERAPY OF RANDOLPH PC,45 FORGE HILL RD,FRANKLIN,MA,02038-3100,42.0848580,-71.4105710,508-541-9111,4908.08,38
03309df6-cdd9-30cf-92a2-f3621d95c917,TOTAL WELLNESS CENTERS  LLC,1681 WASHINGTON ST,BRAINTREE,MA,02184-7948,42.2054160,-71.0021680,781-348-9041,9170.36,71
bcef4b44-8de8-3c39-ae32-943097960eef,PARTNERS URGENT CARE  LLC,11 MOUNT AUBURN ST,WATERTOWN,MA,02472-3923,42.3694510,-71.1779250,857-214-2970,3616.48,28
9aacfe6a-7af2-3e78-8547-9ca6dcf3ae01,PCP291601,275 SANDWICH ST,PLYMOUTH,MA,02360-2183,41.8978920,-70.6240300,508-732-8700,1679.08,13
43c37fba-6904-329b-8e5f-48e89661d15f,BAYSTATE MEDICAL PRACTICES INC,100 WASON AVE,SPRINGFIELD,MA,01107-1381,42.1154540,-72.5399780,413-788-6139,10849.44,84
0871f090-09bb-3e6c-8381-ca5ac76a3937,PROEX PHYSICAL THERAPY  LLC,11 WATER ST,ARLINGTON,MA,02476-4814,42.4187220,-71.1639120,603-427-8066,3616.48,28
0b9f3f7c-8ab6-30a5-b3ae-4dc0e0c00cb3,RIVERBEND MEDICAL GROUP INC,1109 GRANBY RD,CHICOPEE,MA,01020-1568,42.1756680,-72.5722570,413-523-0999,1291.60,10
b6f7afdd-ce7b-3cb8-99a0-d18b3f4ac43a,MINUTECLINIC DIAGNOSTIC OF MASSACHUSETTS  LLC,626 SOUTHERN ARTERY,QUINCY,MA,02169-5648,42.2610060,-71.0089880,866-389-2727,8395.40,65
e5722d6d-2861-37d9-ba68-a25d187e587e,RIVERSIDE COMMUNITY CARE INC,450 WASHINGTON ST,DEDHAM,MA,02026-4455,42.2468720,-71.1794620,781-329-0909,6716.32,52
64c010e9-9dc9-37ad-9517-ca937a503c77,MINUTECLINIC DIAGNOSTIC OF MASSACHUSETTS  LLC,215 ALEWIFE BROOK PKWY,CAMBRIDGE,MA,02138-1101,42.3760430,-71.1186800,866-389-2727,4649.76,36
0e472eb9-6a77-3f57-817b-8e40c12e2a96,MEDICAL CARE OF BOSTON MANAGEMENT CORPORATION,637 WASHINGTON ST,BROOKLINE,MA,02446-4579,42.3238530,-71.1420030,617-754-1700,1808.24,14
7dcb5cb6-5c36-3c80-9e8c-eca5319ee530,RIVERSIDE COMMUNITY CARE INC,78 COLLEGE AVE,SOMERVILLE,MA,02144-1916,42.3904450,-71.1010330,617-623-5487,5166.40,40
d0b017aa-7bb3-3681-b0e4-f6031796f837,SOUND PHYSICIANS OF MASSACHUSETTS INC,1400 STATE ST,SPRINGFIELD,MA,01109-2550,42.1154540,-72.5399780,413-797-6700,5295.56,41
7bdd7bd6-d521-3b19-81b6-ce2ed80d9e74,SIGNATURE HEALTHCARE MEDICAL GROUP INC,360 BROCKTON AVE,ABINGTON,MA,02351-2186,42.1199670,-70.9572110,781-878-1700,6070.52,47
9b4b04bd-4ac0-386e-94fb-5aead18273c3,MEDEXPRESS URGENT CARE PC MASSACHUSETTS,1505 MEMORIAL DR,CHICOPEE,MA,01020-3900,42.1756680,-72.5722570,413-533-3049,8395.40,65
bcd7d210-e670-3064-8284-69db0a20211a,PCP306890,966 PARK ST,STOUGHTON,MA,02072-3672,42.1190060,-71.1036500,781-344-7673,4003.96,31
7d499cd2-65d6-3885-9ce4-95ea11b51d8f,MASSACHUSETTS GENERAL PHYSICIANS ORGANIZATION  INC,19 NORWOOD ST,EVERETT,MA,02149-2709,42.4059380,-71.0546490,617-394-7500,6070.52,47
ca49c2b9-efee-3730-9c7a-e35c169c89d9,SOUTHCOAST PHYSICIANS GROUP  INC..,208 MILL RD,FAIRHAVEN,MA,02719-5208,41.6336190,-70.8713060,508-758-3781,12141.04,95
a95684bd-b222-3e5e-8d18-805e5ae45705,PCP309472,86 ASHLEY AVE,WEST SPRINGFIELD,MA,01089-1302,42.1254510,-72.6497340,,13045.16,101
5a9ded14-4f2b-3d66-9301-02c8fb81c8fd,RELIANT MEDICAL GROUP  INC,106 E MAIN ST,WESTBORO,MA,01581-1494,42.2674410,-71.6174920,508-366-8836,4520.60,35
6a8fc18f-d732-3fde-8519-aeed520c659e,MASSACHUSETTS EYE AND EAR ASSOCIATES  INC,3 WOODLAND RD,STONEHAM,MA,02180-1711,42.4742080,-71.0976650,781-662-5520,4133.12,32
cd52feff-f9ac-3b03-b6c0-75d987fc11c1,CAMBRIDGE PUBLIC HEALTH COMMISSION,5 MIDDLESEX AVE,SOMERVILLE,MA,02145-1119,42.3904450,-71.1010330,617-591-4600,2841.52,22
d091c102-d402-361f-a252-cf0244ba3fa3,ANAESTHESIA ASSOCIATES OF MASSACHUSETTS  PC,45 STERGIS WAY,DEDHAM,MA,02026-2637,42.2468720,-71.1794620,617-877-6223,12011.88,94
1a52495c-2e22-30b1-88c2-ca3fa2657921,PCP315849,192 W ST,MILFORD,MA,01757-2239,42.1586920,-71.5214190,508-478-6205,6458.00,51
d9a6eed0-e314-3000-aba8-83d425f0024f,MINUTECLINIC DIAGNOSTIC OF MASSACHUSETTS  LLC,300 CANAL ST,SALEM,MA,01970-4558,42.4992480,-70.8982040,866-389-2727,7232.96,56
5c1f9bbe-14d8-34ce-ab60-d6f395f15e65,RIVERBEND MEDICAL GROUP INC,1158 SPRINGFIELD ST,FEEDING HILLS,MA,01030-2185,42.0647310,-72.6534770,413-786-1500,1937.40,15
553937b6-f616-3e23-bdb4-4c669ec08ba8,PCP316524,28 LORD RD,MARLBOROUGH,MA,01752-4549,42.3496170,-71.5472140,,4908.08,38
f0fda6d7-6e37-3194-b458-d3e510c06eac,MILFORD REGIONAL PHYSICIAN GROUP INC,835 W CENTRAL ST,FRANKLIN,MA,02038-3188,42.0848580,-71.4105710,508-541-8000,2066.56,16
2468bb56-3ceb-37c9-8140-14cbe3d36948,CAREWELL URGENT CARE CENTERS OF MA  PC,349 BROADWAY,SOMERVILLE,MA,02145-2407,42.3904450,-71.1010330,617-302-4194,15628.36,121
efb4c0f9-b912-3064-b5a3-bb61a6be51c8,WINCHESTER PHYSICIAN ASSOCIATES INC,100 ANDOVER BYPASS ST,NORTH ANDOVER,MA,01845-5820,42.6739090,-71.0913340,978-688-9979,9299.52,72
903c4e22-78f4-36e7-b4f0-e4078fb8b63c,PERFORMANCE REHABILITATION OF WESTERN NEW ENGLAND LLC,11 CABOT RD,WOBURN,MA,01801-1003,42.4887690,-71.1544380,,3229.00,25
57cd5804-423a-3ddf-94a4-12a65b30a3a8,DRX UC WATERTOWN PC,376 ARSENAL ST,WATERTOWN,MA,02472-2892,42.3694510,-71.1779250,617-923-2273,2066.56,16
883860d6-0862-3a47-a18f-7256563c53f4,HARRINGTON PHYSICIAN SERVICES INC,255 E OLD STURBRIDGE RD,BRIMFIELD,MA,01010-9647,42.1281760,-72.2053520,413-245-0966,12141.04,94
f92c7b78-85c8-3d8e-a497-927c75d364dc,BAY STATE PHYSICAL THERAPY OF RANDOLPH PC,175 ESSEX ST,SWAMPSCOTT,MA,01907-1150,42.4680590,-70.8912600,781-586-0550,6587.16,51
16f8208c-09ed-3eb2-9285-cafaae007841,SIGNATURE HEALTHCARE MEDICAL GROUP INC,430 LIBERTY ST,HANSON,MA,02341-1113,42.0502390,-70.8673590,781-293-3838,1808.24,14
c3345b16-4ce8-34df-a73f-b548d6012d99,SOUTH BAY MENTAL HEALTH CENTER  INC.,35 CONGRESS ST,SALEM,MA,01970-7312,42.4992480,-70.8982040,978-542-1951,9816.16,76
903d3e6b-ace5-33a8-ab58-63f9fc4fc497,MASSACHUSETTS GENERAL PHYSICIANS ORGANIZATION  INC,440 FOLEY ST,SOMERVILLE,MA,02145-1213,42.3904450,-71.1010330,857-282-0777,8395.40,65
f553dada-79ce-3b4a-a63c-c4a653c2bf1c,STEWARD MEDICAL GROUP  INC,535 FAUNCE CORNER RD,DARTMOUTH,MA,02747-1242,41.5665100,-70.9582290,,3358.16,26
f82dc440-8162-33ae-b229-be5c360aae76,BOSTON UNIVERSITY MALLORY PATHOLOGY ASSOCIATES  INC.,1 BOSTON MEDICAL CTR PL,BOSTON,MA,02118-2908,42.3385510,-71.0182530,617-638-5633,4003.96,31
37c197b5-110f-339b-942e-272137f770b2,CD PRACTICE ASSOCIATES INC,14 WILLIAMS ST,WILLIAMSBURG,MA,01096-9427,42.4054140,-72.7260430,413-268-3616,10978.60,85
441d009a-2a79-31dc-8e2c-9d9345feb89b,MINUTECLINIC DIAGNOSTIC OF MASSACHUSETTS  LLC,323 N MAIN ST,UXBRIDGE,MA,01569-1757,42.0611660,-71.6436280,866-389-2727,1937.40,15
6d92e1c5-799e-3e97-804e-fce63c59f4e0,MINUTECLINIC DIAGNOSTIC OF MASSACHUSETTS  LLC,222 MAIN ST,WILMINGTON,MA,01887-2341,42.5646470,-71.1645160,866-389-2727,14336.76,112
e6065c61-7e21-3acf-8929-2955eee78596,UMASS MEMORIAL MEDICAL GROUP  INC.,116 BELMONT ST,WORCESTER,MA,01605-2964,42.2694780,-71.8077830,508-334-1102,3874.80,30
7b76c6b3-c413-3293-914a-fcf8195f32bc,HALLMARK HEALTH MEDICAL ASSOCIATES INC,109 COMMERCIAL ST,MALDEN,MA,02148-5509,42.4293800,-71.0587060,781-388-4160,20794.76,161
767257da-21ea-3161-8494-3c02c4eed831,LGH MEDICAL GROUP  INC.,3 MEETING HOUSE RD,CHELMSFORD,MA,01824-2738,42.5970550,-71.3697000,978-256-3638,3874.80,30
f31a3dcd-4d39-3f42-bdaa-cf158587d973,HALLMARK HEALTH MEDICAL ASSOCIATES INC,3 WOODLAND RD,STONEHAM,MA,02180-1710,42.4742080,-71.0976650,781-665-7557,3358.16,26
d72e5e0b-164b-3812-92dd-8cd5e84dc22b,HALLMARK HEALTH MEDICAL ASSOCIATES INC,425 REVERE ST,REVERE,MA,02151-4543,42.4210050,-70.9903600,781-286-1313,4133.12,32
d97185b2-da0a-31aa-b017-22305331d699,PCP333972,87 JACKSON ST,METHUEN,MA,01844-5044,42.7427510,-71.1785880,,4003.96,31
7c6d620e-da4c-3f4c-9fce-9b8c059aea2d,MEDICAL CARE OF BOSTON MANAGEMENT CORPORATION,501 JOHN MAHAR HWY,BRAINTREE,MA,02184-6562,42.2054160,-71.0021680,781-356-4900,3745.64,29
d39432af-114f-33d1-95e5-b02411f12e51,MASS OPTOMETRIC ASSOCIATES  PLLC,344 RUSSELL ST,HADLEY,MA,01035-5904,42.3564910,-72.5686320,413-584-0452,6199.68,48
34558ec0-31ce-3264-8250-336159ccc394,PHYSICAL THERAPY AND SPORTS REHAB INC,50 RANDALL RD,WRENTHAM,MA,02093-1548,42.0526710,-71.3568580,781-769-2040,12399.36,96
3b18fe70-e14e-354f-a948-bce4fbb4b2a7,NORTHEAST MEDICAL PRACTICE INC,280 UNION ST,LYNN,MA,01901-1353,42.4748620,-70.9621850,781-596-3800,6070.52,47
0562bad4-d1fd-3268-94d3-b9850ebb7ce1,STEWARD MEDICAL GROUP  INC,1 COMPASS WAY,EAST BRIDGEWATER,MA,02333-1464,42.0372780,-70.9404590,508-350-2400,6587.16,51
17fa4880-3d14-34ac-8f5d-3629c0e83520,THE LEARNING CENTER FOR THE DEAF INC,848 CENTRAL ST,FRAMINGHAM,MA,01701-4815,42.3079050,-71.4361960,508-875-4559,9041.20,70
ab907424-6645-3974-b0bc-a644f71afb0c,ATRIUS HEALTH INC,111 GROSSMAN DR,BRAINTREE,MA,02184-4945,42.2054160,-71.0021680,781-849-1000,8524.56,67
632120c3-d5f3-31cf-a3ff-9afe4d9ef9f6,STURDY MEMORIAL ASSOCIATES  INC.,538 WINTHROP ST,REHOBOTH,MA,02763,41.8468780,-71.2448700,508-336-9200,8266.24,64
b6164b13-8df9-31e0-8412-f25d8860e21f,ANCHOR MEDICAL GROUP AND WELLNESS CENTER PC,85 W ST,WALPOLE,MA,02081-1844,42.1462860,-71.2556040,508-660-0060,8395.40,65
e297d5b0-91c3-3fab-9530-1960881db57c,WINCHESTER PHYSICIAN ASSOCIATES INC,7 ALFRED ST,WOBURN,MA,01801-1900,42.4887690,-71.1544380,781-756-7800,11882.72,92
b200be52-8f90-3e0b-8f93-fda7d9beea44,MILFORD REGIONAL PHYSICIAN GROUP INC,12 UXBRIDGE RD,MENDON,MA,01756-1094,42.0938700,-71.5445190,508-634-6825,3358.16,26
14b42b8b-25e5-3dce-9b31-3f5c80d3876b,BACK ON TRACK  P.C.,5 BENNETT ST,CAMBRIDGE,MA,02138-5750,42.3760430,-71.1186800,617-441-0800,4649.76,36
28ae43fa-87ce-3e93-9ecb-24b549b51f84,MINUTECLINIC DIAGNOSTIC OF MASSACHUSETTS  LLC,234 WASHINGTON ST,HUDSON,MA,01749-3735,42.3890710,-71.5458640,866-389-2727,2066.56,16
73ed2306-c57a-3f50-844a-24dc29bee6b3,BOSTON HEALTH CARE FOR THE HOMELESS PROGRAM INC,170 MORTON ST,JAMAICA PLAIN,MA,02130-3735,42.3319600,-71.0201730,617-971-3229,3616.48,28
a63e67a6-32e4-3f4b-8ece-9e12b01b7e11,WESTFIELD MEDICAL CORPORATION,24 N WESTFIELD ST,FEEDING HILLS,MA,01030-1606,42.0647310,-72.6534770,413-831-7800,5424.72,42
1f5fad94-ed9c-3cb7-a4e9-beefb4d6159b,PCP348274,57 BEDFORD ST,LEXINGTON,MA,02420-4543,42.4452220,-71.2300150,781-861-18182,6458.00,50
592c7848-5619-3d11-b158-488fb330ee00,PCP348282,501 MAIN ST,DENNIS,MA,02638-1911,41.7061230,-70.1648230,,3616.48,28
551732c0-2aa2-3a8f-a9b0-8543e015e832,BERKSHIRE FACULTY SERVICES INC,2 PARK ST,ADAMS,MA,01220-2032,42.6255600,-73.1198280,413-743-1263,3616.48,29
79de53b3-28a3-3323-9572-13fdc3dcb99c,MEDICAL CARE OF BOSTON MANAGEMENT CORPORATION,100 HIGHLAND ST,MILTON,MA,02186-3881,42.2415570,-71.0824320,617-696-5030,3616.48,28
7b5845b8-025a-373d-8bcb-5766fd987452,JOSHI MEDICAL SERVICES  PC,16 PINE ST,LOWELL,MA,01851-3100,42.6389800,-71.3211410,978-670-1300,6716.32,52
0c4bfa41-3ebc-3313-b2f7-3f821b75f1c2,BAYSTATE MEDICAL PRACTICES INC,48 SANDERSON ST,GREENFIELD,MA,01301-2778,42.6146710,-72.5970630,413-794-5600,4133.12,32
d264d7d3-1734-3cb1-9734-29c88d09fa03,UMASS MEMORIAL MEDICAL GROUP  INC.,44 CENTRAL ST,BERLIN,MA,01503-1225,42.3849290,-71.6338890,978-838-2330,14982.56,116
714dd33b-d5bf-39fb-902a-7e1ee23a5784,UMASS MEMORIAL MEDICAL GROUP  INC.,47 ASHBY STATE RD,FITCHBURG,MA,01420-2038,42.6019770,-71.8158700,978-345-1040,1679.08,13
5d00dfcf-bef5-35be-bda8-039f6216da45,BAYSTATE MEDICAL PRACTICES INC,1400 STATE ST,SPRINGFIELD,MA,01109-2550,42.1154540,-72.5399780,413-787-6700,3229.00,25
52a30b57-1660-3c8c-9f4d-5a38305ee506,THE COMMONWEALTH OF MASSACHUSETTS,830 COUNTY RD,POCASSET,MA,02559-2198,41.6888040,-70.6392670,508-564-9600,5553.88,43
829a88e4-565e-3a38-a0a6-94ade6404a38,TRU MEDICAL WALK IN CLINIC,140 NAUSET STREET,NEW BEDFORD,MA,02746,41.6614745,-70.9425593,508-990-8260,0.00,14
4feb5860-8c43-34ea-b2c8-84ff7ca8740b,TRU MEDICAL WALK IN CENTER,528 NEWTON STREET,FALL RIVER,MA,02721,41.6726080,-71.1635601,508-675-1522,0.00,7
92819cdc-db9e-387e-8c4f-4b2b4e8b2e4f,SAINTS WALK-IN MEDICAL CENTER - URGENT CARE AND OCCUPATIONAL HEALTH,1230 BRIDGE STREET,LOWELL,MA,01850,42.6653405,-71.3038939,978-459-2273,0.00,17
0d1563c1-d56c-362e-9e3d-d74463ebbe0f,URGENT CARE MEDICAL CLINIC,629 PLEASANT STREET,BROCKTON,MA,02301,42.0892313,-71.0455100,508-583-0010,0.00,118
ad933cee-594c-3f13-b6ef-20f89ecd91ff,ROUTE 6 WALK IN EMERGENCY OFFICE,1589 FALL RIVER AVENUE,SEEKONK,MA,02771,41.7847869,-71.3116365,508-336-4550,0.00,14
4e916854-3a59-3f17-bb16-7c406148d822,HANOVER FAMILY HEALTH AND URGENT CARE,1399 WASHINGTON STREET,HANOVER,MA,02339,42.1442020,-70.8440050,781-829-1000,0.00,297
a76bda1d-f42d-3046-b8c6-021f3db0a086,WALK IN AND PRIMARY CARE,808 MAIN STREET,WALTHAM,MA,02451,42.3760766,-71.2428930,781-894-8200,0.00,49
7116c200-6663-3503-8314-1ee16845e5d3,SAINTS WALK-IN MEDICAL CENTER - URGENT CARE AND OCCUPATIONAL HEALTH,85 PARKHURST ROAD,CHELMSFORD,MA,01824,42.6257767,-71.3593401,978-458-6868,0.00,31
3265f387-6c51-32ee-8f6d-b2a89caa34d5,CHELSEA MGH HEALTH CENTER MEDICAL WALK IN,151 EVERETT AVENUE,CHELSEA,MA,02150,42.3961274,-71.0392206,617-884-8300,0.00,61
c63d0602-724d-3d74-958a-a31b1364eaef,HARVARD VANGUARD BRAINTREE PRACTICE URGENT CARE,111 GROSSMAN DRIVE,BRAINTREE,MA,02184,42.2100400,-70.9995390,781-849-1000,0.00,189
f15cf8e0-db9a-39b1-b78f-8a6a01cf574b,HAMPDEN COUNTY URGENT MEDICAL CARE CENTER,98 SHAKER ROAD,EAST LONGMEADOW,MA,01028,42.0609990,-72.5146744,413-525-3958,0.00,21
ff9474cb-cf9c-350a-a22b-b949ee9793cf,FAMILY CARE MEDICAL CENTER / URGENT CARE PHYSICIAN,1515 ALLEN STREET,SPRINGFIELD,MA,01118,42.0951927,-72.5094159,413-783-9114,0.00,8
cbbee84d-7644-3b24-9f41-e3747f5050df,FAMILY HEALTH CENTER,26 QUEEN STREET,WORCESTER,MA,01610,42.2590345,-71.8139319,508-860-7777,0.00,80
f1313c7d-3148-335b-adc3-337f15567b82,WINCHESTER HOSPITAL FAMILY MEDICAL CENTER,500 SALEM STREET,WILMINGTON,MA,01887,42.5805281,-71.1438654,978-988-6105,0.00,42
df5a38ee-e493-3572-8f92-bb695aef9891,MID CAPE MEDICAL CENTER,489 BEARSES WAY,HYANNIS,MA,02601,41.6624796,-70.3008223,508-771-4092,0.00,37
e3f1676b-9b40-3544-af4e-17a06bbb98bb,CODMAN SQUARE HEALTH CENTER,637 WASHINGTON STREET,DORCHESTER,MA,02124,42.2894365,-71.0719941,617-825-9660,0.00,153
a43fb751-96fe-3496-8750-73f85651866d,CONCENTRA URGENT CARE - WILMINGTON,66B CONCORD STREET,WILMINGTON,MA,01887,42.5587666,-71.1368606,978-657-3826,0.00,21
b81688f5-bd0e-3c99-963f-860d3e90ab5d,URGENT CARE MEDICAL CLINIC,581 BOYLSTON STREET,BOSTON,MA,02116,42.3505548,-71.0766054,617-247-1400,0.00,660
eeca3319-9cbf-382e-a7ee-43986c981135,TAUNTON WALK IN HEALTH CLINIC,58 TREMONT STREET,TAUNTON,MA,02780,41.9048719,-71.1060730,508-822-2311,0.00,13
6e62e63b-c39a-3211-99d8-8b8f0f06774e,GREAT BROOK VALLEY HEALTH CENTER,19 TACOMA STREET,WORCESTER,MA,01605,42.3023113,-71.7661395,508-852-1805,0.00,282
62fa9127-485f-3032-87cc-6576d91fec94,LAHEY CLINIC NORTHSHORE,1 ESSEX CENTER DRIVE,PEABODY,MA,01960,42.5369864,-70.9465423,978-538-4000,0.00,742
291a9036-ff68-348d-a693-537df0807a12,FALL RIVER MEDICAL EMERGENCY WALK IN CLINIC,427 PLYMOUTH AVENUE,FALL RIVER,MA,02721,41.6956586,-71.1530617,508-679-0010,0.00,1
b60f8daf-0362-3c28-9b54-216e7f3e80bd,FALMOUTH HOSPITAL CLINIC AT BOURNE,1 TROWBRIDGE ROAD,BUZZARDS BAY,MA,02532,41.7407850,-70.5980121,508-743-0322,0.00,15
d672f853-e2a5-324e-98fa-c6d5f8dfc255,WALTHAM URGENT CARE,9 HOPE AVENUE,WALTHAM,MA,02453,42.3700513,-71.2490152,617-243-5591,0.00,81
c0aa05be-e636-316f-80d7-8b0b5d2eb194,EAST BOSTON NEIGHBORHOOD HEALTH CENTER URGENT CARE,10 GOVE STREET,BOSTON,MA,02128,42.3719882,-71.0386237,617-567-3600,0.00,10
98d42012-384f-39d9-b210-cc654b9441f6,FONTAINE MEDICAL CENTER,525 LONG POND DRIVE,HARWICH,MA,02645,41.7225860,-70.0372004,508-432-4100,0.00,182
27f06acd-f732-3871-be87-889fef7d9010,CONCENTRA URGENT CARE - GREENFIELD,489 BERNARDSTON ROAD,GREENFIELD,MA,01301,42.6087525,-72.5857131,413-772-5055,0.00,420
7ffe74ac-786d-3c6d-bcb9-323352f6149c,CONCENTRA URGENT CARE - SPRINGFIELD,140 CARANDO DRIVE,SPRINGFIELD,MA,01104,42.1463818,-72.5335973,413-746-4006,0.00,47
b06770b5-b695-3c1a-9685-ae2223966ff7,GENERAL HEALTH CARE,66 SOUTH WASHINGTON STREET,NORTH ATTLEBORO,MA,02760,41.9799756,-71.3329695,508-643-0100,0.00,292
a9afd4c9-8443-3b5a-a486-07c3bb109b3f,RIVER BEND MEDICAL GROUP - CHICOPEE OFFICE - URGENT CARE,444 MONTGOMERY STREET,CHICOPEE,MA,01020,42.1718584,-72.5849672,413-594-3111,0.00,242
9b5f23f1-c387-3a77-9359-752d26d7f997,FAMILY DOCTORS,250 PARADISE ROAD,SWAMPSCOTT,MA,01907,42.4763600,-70.9125322,781-596-4150,0.00,42
108ccece-277a-396f-8bf2-1527f74458eb,ON CALL URGENT CARE CENTER,51 LOCUST STREET,NORTHAMPTON,MA,01060,42.3323152,-72.6545646,413-584-7425,0.00,41
f7a6cc79-3075-3124-9f62-6fe562440b1d,HAWTHORN MEDICAL URGENT CARE CENTER,237 STATE ROAD,NORTH DARTMOUTH,MA,02747,41.6392025,-70.9815648,508-961-0861,0.00,24
0f7f97f6-693c-3de9-8190-85feaf4632e2,CONCENTRA URGENT CARE - EAST BOSTON,1 HARBORSIDE DRIVE,EAST BOSTON,MA,02128,42.3634497,-71.0256963,617-568-6500,0.00,19
700056a6-3aea-3efd-8423-a9acbd38a5ea,ROUTE 44 MEDICAL WALK-IN,106 UNITED STATES HIGHWAY 44,RAYNHAM,MA,02767,41.9051941,-71.0609995,508-824-1476,0.00,41
308b5efa-a9c2-3728-b1ff-d29c5f060731,FALLON CLINIC URGENT CARE,630 PLANTATION STREET,WORCESTER,MA,01605,42.2925591,-71.7603169,508-595-2505,0.00,301
bbf934c6-faad-3483-a1d2-d2ecb693a0e2,FALMOUTH WALK IN MEDICAL CENTER,309 TEATICKET HIGHWAY,TEATICKET,MA,02536,41.5683439,-70.5940062,508-540-6790,0.00,210
90cf148c-69ed-3d33-aa86-b509c6b0b25f,PROMPT CARE WALK-IN CLINIC,170 GOVERNORS AVENUE,MEDFORD,MA,02155,42.4259086,-71.1113649,781-306-6180,0.00,474
1aedcb45-c507-3ad0-9010-6583d264ae72,PRIMA CARE / SOMERSET SWANSEA WALK IN CARE CENTER,67 GRAND ARMY OF THE REPUBLIC HIGHWAY,SOMERSET,MA,02726,41.7258413,-71.1590845,508-678-5631,0.00,8
