{
  "listing_id": 2390109,
  "id": 22208895,
  "date": "2014-11-01",
  "reviewer_id": 4358294,
  "reviewer_name": "Inessa",
  "text": "I had a great time staying here! The room is huge and sunny, and it was the perfect place to do some work and hang out in the afternoon before heading out to dinner. Alexandra and David were very welcoming hosts. They were always around to answer any questions. They had breakfast and coffee for me every morning and even left it on the table by the door on mornings when I had to rush out to the office.  The cats were really cute too!",
  "title": "ENTIRE FLOOR! Business travel & fun",
  "host_id": 2665483,
  "listing_latitude": 30.2962457933164,
  "listing_longitude": -97.75013113693174,
  "host_name": "Alexandra"
}
