{
  "listing_id": 2390109,
  "id": 27078287,
  "date": "2015-02-24",
  "reviewer_id": 27942444,
  "reviewer_name": "Kevin",
  "text": "This was my first Airbnb experience, and it surely exceeded all my expectations.  My hosts were exceptionally gracious and the second floor space was quiet, private, immaculate, and provided a spectacular view of the Shoal Creek parkway right from bed.  If you are a dog lover, as I am, take a walk south on the Shoal Creek Trail and you will run into a dog park.  There were plenty of friendly dogs to interact with.  It is also short walking distance to some delicious food venues – the fish tacos at Cabo Bobs were quite tasty.",
  "title": "ENTIRE FLOOR! Business travel & fun",
  "host_id": 2665483,
  "listing_latitude": 30.2962457933164,
  "listing_longitude": -97.75013113693174,
  "host_name": "Alexandra"
}
