{
  "listing_id": 2390109,
  "id": 28070916,
  "date": "2015-03-17",
  "reviewer_id": 6626665,
  "reviewer_name": "Eric",
  "text": "The room is fantastic with nice sight lines from the windows and a very comfortable bed.  Alexandra was a great host, welcoming me when I arrived and available if I needed anything but also very discreet and respectful of privacy.  The location is a fast a cheap uber ride to downtown.  I highly recommend the place.",
  "title": "ENTIRE FLOOR! Business travel & fun",
  "host_id": 2665483,
  "listing_latitude": 30.2962457933164,
  "listing_longitude": -97.75013113693174,
  "host_name": "Alexandra"
}
