{
  "listing_id": 2266768,
  "id": 17137229,
  "date": "2014-08-07",
  "reviewer_id": 4456218,
  "reviewer_name": "Tonya",
  "text": "Nice little place! Really easy to get to and check-in/ check-out was a breeze. The bed was super comfy and ass others have mentioned , the shower is awesome!\n\nCommunication was top notch. \n\nMy only complaint is that I was super allergic to the wild grasses and weeds in the yard, but if I'd have packed my meds, I would have been fine.",
  "title": "modern granny flat",
  "host_id": 1507234,
  "listing_latitude": 30.275484886441834,
  "listing_longitude": -97.726282028393,
  "host_name": "Kristine"
}
