{
  "listing_id": 2266768,
  "id": 19937861,
  "date": "2014-09-21",
  "reviewer_id": 19175925,
  "reviewer_name": "Wiebke",
  "text": "The apartment is very nice and is exactly like on the photos. We felt really comfortable staying there. The shower is amazing and you have everything you need for two persons in the apartment. Kristine is a very friendly person and the contact was very nice. We really loves the cats which sometimes came around outside.",
  "title": "modern granny flat",
  "host_id": 1507234,
  "listing_latitude": 30.275484886441834,
  "listing_longitude": -97.726282028393,
  "host_name": "Kristine"
}
