{
  "listing_id": 2266768,
  "id": 21510890,
  "date": "2014-10-19",
  "reviewer_id": 1248352,
  "reviewer_name": "Andrea",
  "text": "Kristine was such a wonderful host and this place is ADORABLE! It's walking distance to many hot spots and the neighborhood was very friendly.  I will stay here again in a heartbeat!  Don't hesitate...  BOOK IT NOW before somebody else does! ;)",
  "title": "modern granny flat",
  "host_id": 1507234,
  "listing_latitude": 30.275484886441834,
  "listing_longitude": -97.726282028393,
  "host_name": "Kristine"
}
