{
  "listing_id": 2266768,
  "id": 28724888,
  "date": "2015-03-29",
  "reviewer_id": 17598815,
  "reviewer_name": "Katherine",
  "text": "The modern granny flat was everything it was advertised as being: comfortable, stylish, and clean. It was in a great location, making it easy to get around whether by walking or when using uber. I would stay here again in a heartbeat! Thank you for providing such a great space Kristine!",
  "title": "modern granny flat",
  "host_id": 1507234,
  "listing_latitude": 30.275484886441834,
  "listing_longitude": -97.726282028393,
  "host_name": "Kristine"
}
