{
  "listing_id": 2266768,
  "id": 34302327,
  "date": "2015-06-07",
  "reviewer_id": 31623961,
  "reviewer_name": "Erica",
  "text": "We had such a pleasant stay at this cute little granny flat! A quiet, clean environment but just a short drive to SoCo, Zilker Park, etc. Definitely recommend if you are looking for a laid back getaway!",
  "title": "modern granny flat",
  "host_id": 1507234,
  "listing_latitude": 30.275484886441834,
  "listing_longitude": -97.726282028393,
  "host_name": "Kristine"
}
