{
  "listing_id": 2266768,
  "id": 39347139,
  "date": "2015-07-22",
  "reviewer_id": 13362436,
  "reviewer_name": "Noelle",
  "text": "We only spent one night in this beautiful flat. It is as lovely and well decorated as the pictures suggest. Kristine was kind enough to let us check in early. The place had great conditioning, a huge comfortable king sized bed and was a great retreat from the hot Austin sun. Cute restaurants and stores were a short drive away.",
  "title": "modern granny flat",
  "host_id": 1507234,
  "listing_latitude": 30.275484886441834,
  "listing_longitude": -97.726282028393,
  "host_name": "Kristine"
}
