{
  "listing_id": 2266768,
  "id": 39863939,
  "date": "2015-07-26",
  "reviewer_id": 12553895,
  "reviewer_name": "Cristobal",
  "text": "This place is very well located and clean!  Very happy!  Will book again!\r\n\r\nThe owner was very accommodating with check-in/check-out times and very quick to respond!\r\n\r\nIf you're looking for spending some time in Austin, you should consider this place.",
  "title": "modern granny flat",
  "host_id": 1507234,
  "listing_latitude": 30.275484886441834,
  "listing_longitude": -97.726282028393,
  "host_name": "Kristine"
}
