{
  "listing_id": 2266768,
  "id": 41666763,
  "date": "2015-08-08",
  "reviewer_id": 38522415,
  "reviewer_name": "Zach",
  "text": "Very good place. Just as advertised and very clean. We would definitely stay here again. Kristine was available if we needed her but we had so much privacy the whole time. She even gave us Austin food recommendations before we got there. Highly recommended. This place was awesome!",
  "title": "modern granny flat",
  "host_id": 1507234,
  "listing_latitude": 30.275484886441834,
  "listing_longitude": -97.726282028393,
  "host_name": "Kristine"
}
