{
  "listing_id": 2266768,
  "id": 46138125,
  "date": "2015-09-08",
  "reviewer_id": 15263856,
  "reviewer_name": "David",
  "text": "The modern granny flat was great. It is clean, spacious, and very comfortable. The neighborhood is quiet, and in between a few more active areas, so you should be prepared to walk a bit (or ride bikes, take Ubers, etc.) Overall, it was a great value and a really pleasant stay.",
  "title": "modern granny flat",
  "host_id": 1507234,
  "listing_latitude": 30.275484886441834,
  "listing_longitude": -97.726282028393,
  "host_name": "Kristine"
}
