{
  "listing_id": 2266768,
  "id": 48051281,
  "date": "2015-09-22",
  "reviewer_id": 112702,
  "reviewer_name": "Thomas",
  "text": "Great value, the photos are accurate but the selling point I think is the shower. It's basically a room you can walk around in with a chair. We only met the owners in passing but they were friendly and gave us our space. \r\n\r\nThanks Kristine for a great stay!",
  "title": "modern granny flat",
  "host_id": 1507234,
  "listing_latitude": 30.275484886441834,
  "listing_longitude": -97.726282028393,
  "host_name": "Kristine"
}
