{
  "listing_id": 2266768,
  "id": 48498004,
  "date": "2015-09-27",
  "reviewer_id": 1933158,
  "reviewer_name": "Lisa",
  "text": "The apartment was lovely and spacious in a charming neighborhood. The location was really convenient to all the restaurants and bars close by. We had a lovely stay and although we didn't meet our host the cat was very friendly and it was easy to find our way in to the flat.",
  "title": "modern granny flat",
  "host_id": 1507234,
  "listing_latitude": 30.275484886441834,
  "listing_longitude": -97.726282028393,
  "host_name": "Kristine"
}
