{
  "listing_id": 2266768,
  "id": 51091402,
  "date": "2015-10-17",
  "reviewer_id": 43101288,
  "reviewer_name": "Crystal",
  "text": "This place was fantastic. Comfortable bed and an amazing shower. Very convenient to both downtown Austin and UT which was exactly what we needed. Kristine was friendly and flexible with my late evening arrival.",
  "title": "modern granny flat",
  "host_id": 1507234,
  "listing_latitude": 30.275484886441834,
  "listing_longitude": -97.726282028393,
  "host_name": "Kristine"
}
