{
  "listing_id": 1735938,
  "id": 30849377,
  "date": "2015-04-27",
  "reviewer_id": 22376228,
  "reviewer_name": "Wyatt",
  "text": "Patryce was a very kind, gracious host and welcomed us at her home when we arrived. The house was in a great location for all of our activities and the neighborhood was quiet and peaceful. We would definitely stay again.",
  "title": "South Austin 1952 Home",
  "host_id": 9142238,
  "listing_latitude": 30.220676665774597,
  "listing_longitude": -97.78163933416272,
  "host_name": "Patryce"
}
