{
  "listing_id": 1735938,
  "id": 31406749,
  "date": "2015-05-04",
  "reviewer_id": 24370687,
  "reviewer_name": "Mike",
  "text": "Everything was as good or better than described. I would say this is the loveliest house in a lovely neighborhood. It is a very convenient location just outside of the seventh level of Austin traffic hell. All of our interaction with Patryce before, during and after our stay has been prompt and pleasant. Thank you very much.",
  "title": "South Austin 1952 Home",
  "host_id": 9142238,
  "listing_latitude": 30.220676665774597,
  "listing_longitude": -97.78163933416272,
  "host_name": "Patryce"
}
