{
  "listing_id": 1735938,
  "id": 52595853,
  "date": "2015-10-31",
  "reviewer_id": 41724751,
  "reviewer_name": "Allison",
  "text": "Patryce was such a kind and positive host! We stayed for 7 weeks, and she made her home feel like it was our own. Everything was incredibly clean, and the neighborhood is 5 minutes from downtown! \r\nThank you Patryce for being what a host should be.",
  "title": "South Austin 1952 Home",
  "host_id": 9142238,
  "listing_latitude": 30.220676665774597,
  "listing_longitude": -97.78163933416272,
  "host_name": "Patryce"
}
