{
  "listing_id": 1458379,
  "id": 6380185,
  "date": "2013-08-10",
  "reviewer_id": 5055687,
  "reviewer_name": "Amy",
  "text": "the hayloft is fantastic. i was traveling cross-country with 3 friends and spending a night at mary's place was totally perfect for our needs. it's adorable, super clean, and well maintained. we were all very comfortable there. i'd definitely stay there again.",
  "title": "Zilker Hayloft - Near Downtown",
  "host_id": 4893298,
  "listing_latitude": 30.25024254792736,
  "listing_longitude": -97.76842016715415,
  "host_name": "Mary"
}
