{
  "listing_id": 1458379,
  "id": 13836065,
  "date": "2014-06-05",
  "reviewer_id": 14633084,
  "reviewer_name": "Craig",
  "text": "The Zilker hayloft was in a beautiful suburb in a beautiful city. Walking distance to Zilker park where you can cool off in the Barton springs swimming hole. Everything in the house was so well organized including the visitor folder which had a lot of helpful information and local takeaway menus.",
  "title": "Zilker Hayloft - Near Downtown",
  "host_id": 4893298,
  "listing_latitude": 30.25024254792736,
  "listing_longitude": -97.76842016715415,
  "host_name": "Mary"
}
