{
  "listing_id": 1458379,
  "id": 16317704,
  "date": "2014-07-25",
  "reviewer_id": 2109383,
  "reviewer_name": "Bj",
  "text": "This is my third time staying at one of Mary's homes. They're always extremely clean and cozy. Mary is a great host. She's always been very responsive and has great recommendations for the area. The location is perfect - South Austin - in walking distance to a bunch of killer restaurants, bars, etc.",
  "title": "Zilker Hayloft - Near Downtown",
  "host_id": 4893298,
  "listing_latitude": 30.25024254792736,
  "listing_longitude": -97.76842016715415,
  "host_name": "Mary"
}
