{
  "listing_id": 1458379,
  "id": 35433166,
  "date": "2015-06-18",
  "reviewer_id": 1752279,
  "reviewer_name": "Clee",
  "text": "The house was just as promised! The location was amazing, the house was tucked in so there was quiet and privacy AND close to everything! It was perfect for our needs! It was clean and equipped with games that we enjoyed! I would recommend it to anyone and def will stay again when I go to Austin!",
  "title": "Zilker Hayloft - Near Downtown",
  "host_id": 4893298,
  "listing_latitude": 30.25024254792736,
  "listing_longitude": -97.76842016715415,
  "host_name": "Mary"
}
