{
  "listing_id": 1458379,
  "id": 39803006,
  "date": "2015-07-26",
  "reviewer_id": 7500938,
  "reviewer_name": "Nicolette",
  "text": "A few friends joined me at Hayloft for a girls weekend. The home is charming, conveniently located and stocked with great amenities. The only challenge was that the cable and wifi weren't working and I couldn't find the router to reset it. Otherwise, a delightful stay.",
  "title": "Zilker Hayloft - Near Downtown",
  "host_id": 4893298,
  "listing_latitude": 30.25024254792736,
  "listing_longitude": -97.76842016715415,
  "host_name": "Mary"
}
