{
  "listing_id": 4145709,
  "id": 28020641,
  "date": "2015-03-16",
  "reviewer_id": 9824711,
  "reviewer_name": "Erica",
  "text": "Beata and Davvi are really great hosts! I recommend their guest room to anyone visiting the Austin area. Beata and Davvi are as cool and interesting as they are warm and welcoming. I was navigating SXSW for the first time and they were really helpful in giving me ideas and directions. Plus they make delicious orange juice!",
  "title": "Austin bed with breakfast!",
  "host_id": 1689733,
  "listing_latitude": 30.24161454093962,
  "listing_longitude": -97.72420913932795,
  "host_name": "Beata & Davvi"
}
