{
  "listing_id": 4145709,
  "id": 28096487,
  "date": "2015-03-17",
  "reviewer_id": 22485436,
  "reviewer_name": "Oliver",
  "text": "Wonderful people + great space (very clean, spacious room, comfortable bed).  As an added bonus, Beata and Davvi had breakfast prepared in the morning!  It was super easy to coordinate w them and everything went as planned.",
  "title": "Austin bed with breakfast!",
  "host_id": 1689733,
  "listing_latitude": 30.24161454093962,
  "listing_longitude": -97.72420913932795,
  "host_name": "Beata & Davvi"
}
