{
  "listing_id": 8289304,
  "id": 49918847,
  "date": "2015-10-07",
  "reviewer_id": 33316098,
  "reviewer_name": "Katheryn",
  "text": "Liked this cute apartment. It was very clean, comfortable and we felt at home. Patricia was a very great host. She left us everything we needed and went out of her way to let us check out a little later. Super nice person and great place to stay. I would highly recommend her to everyone.",
  "title": "Mid Mod Studio 4 mi from Downtown",
  "host_id": 38605373,
  "listing_latitude": 30.23124441805094,
  "listing_longitude": -97.7372516111203,
  "host_name": "Patricia"
}
