{
  "listing_id": 8289304,
  "id": 51748228,
  "date": "2015-10-24",
  "reviewer_id": 25199477,
  "reviewer_name": "Erin",
  "text": "Mark and I had an awesome experience at Patricia's cute studio apartment! She was so sweet and left waters in the fridge for us! She gave us awesome recommendations! We would definitely stay again!",
  "title": "Mid Mod Studio 4 mi from Downtown",
  "host_id": 38605373,
  "listing_latitude": 30.23124441805094,
  "listing_longitude": -97.7372516111203,
  "host_name": "Patricia"
}
