{
  "listing_id": 4358441,
  "id": 22549799,
  "date": "2014-11-09",
  "reviewer_id": 3576076,
  "reviewer_name": "Aaron",
  "text": "Ira was a great host. The rooms were very, very nice. Everything was clean and well kept. We felt very welcome. Ira even left us a small loaf of gluten free banana bread one night. I would definitely stay here again.",
  "title": "Mid-Century Modern 1BD+ Apartment",
  "host_id": 22623789,
  "listing_latitude": 30.25943904812714,
  "listing_longitude": -97.76629678633607,
  "host_name": "Ira And Terri"
}
