{
  "listing_id": 5251657,
  "id": 29867251,
  "date": "2015-04-13",
  "reviewer_id": 78741,
  "reviewer_name": "Alex",
  "text": "Jessica was a great host!  She was waiting at the property for us and quickly went through the whole house with us.  When she realized we needed a few things, she went out and got them for us, as well as a few welcome gifts.  The house is in an amazing location for walking to anything you could want.  Would definitely recommend.",
  "title": "6th St Skyline Townhouse!",
  "host_id": 16751844,
  "listing_latitude": 30.265113289765914,
  "listing_longitude": -97.73234961334283,
  "host_name": "Devlin"
}
