{
  "listing_id": 5251657,
  "id": 32471727,
  "date": "2015-05-18",
  "reviewer_id": 10957839,
  "reviewer_name": "Kyle",
  "text": "Location is incredible. Walking distance to Dirty 6th, West 6th, and Rainey St. strips. More good food/drinks/general entertainment than you can consume in weeks, all within footsteps. Great space for large groups. Make sure to complete a full walkthrough with your point of contact prior to checking in to ensure that all appliances are functional.",
  "title": "6th St Skyline Townhouse!",
  "host_id": 16751844,
  "listing_latitude": 30.265113289765914,
  "listing_longitude": -97.73234961334283,
  "host_name": "Devlin"
}
