{
  "listing_id": 5251657,
  "id": 50433708,
  "date": "2015-10-12",
  "reviewer_id": 35246082,
  "reviewer_name": "Crawford",
  "text": "Great house for a group of 12. Extremely accommodating. Rooftop patio is definitely the jewel of the place. Panoramic views of downtown Austin skyline. Prime location. Short walk to 6th street or easy cab ride to anywhere you might need to go. Would highly recommend this place to anyone.",
  "title": "6th St Skyline Townhouse!",
  "host_id": 16751844,
  "listing_latitude": 30.265113289765914,
  "listing_longitude": -97.73234961334283,
  "host_name": "Devlin"
}
