{
  "listing_id": 3486582,
  "id": 25576740,
  "date": "2015-01-19",
  "reviewer_id": 1633368,
  "reviewer_name": "Chris",
  "text": "I really enjoyed my time at Irie's nice house.\r\nI had a nice room upstairs and an office as well. Her roommate was welcoming and showed me around. All in all it was a good experience. Thanks Irie.",
  "title": "Quiet and Comfortable",
  "host_id": 17556558,
  "listing_latitude": 30.450240043233794,
  "listing_longitude": -97.80512383060601,
  "host_name": "Irie"
}
