{
  "listing_id": 2380977,
  "id": 11028015,
  "date": "2014-03-17",
  "reviewer_id": 5363685,
  "reviewer_name": "Adrian",
  "text": "Great Location if you want to avoid Austin's events traffic! Zach was a great host who responded almost immediately to any questions I had. He is a very respectful and laid back host. The view from the master bedrooms deck was perfect for a calm, low-key, relaxing evening conversations with friends.",
  "title": "A: Sweeping View of Downtown! :)",
  "host_id": 12163994,
  "listing_latitude": 30.242360364108734,
  "listing_longitude": -97.73463196527227,
  "host_name": "Zach"
}
