{
  "listing_id": 2380977,
  "id": 28316261,
  "date": "2015-03-22",
  "reviewer_id": 5363685,
  "reviewer_name": "Adrian",
  "text": "Everything was great during our SXSW vacation this year. Zach was very helpful and responsive to my questions. Great location with the home being a mere 5 minute Uber ride to 6th street. Definitely would recommend Zach's home to anyone coming into Austin for a festival or event.",
  "title": "A: Sweeping View of Downtown! :)",
  "host_id": 12163994,
  "listing_latitude": 30.242360364108734,
  "listing_longitude": -97.73463196527227,
  "host_name": "Zach"
}
