{
  "listing_id": 869081,
  "id": 24423094,
  "date": "2014-12-28",
  "reviewer_id": 23610779,
  "reviewer_name": "Sherry",
  "text": "We loved our stay at the Treehouse apartment. Michael Ann provided everything we could have needed. I wish we could have spent more time in the apartment to use the wonderful kitchen but since our daughter and son live there and all the other family were staying with them, we were at their houses most of the time visiting.",
  "title": "Beautiful Backyard Garage Apartment",
  "host_id": 2536590,
  "listing_latitude": 30.34389996515989,
  "listing_longitude": -97.73040082437961,
  "host_name": "Michael Ann"
}
