{
  "listing_id": 2149762,
  "id": 15193271,
  "date": "2014-07-04",
  "reviewer_id": 594083,
  "reviewer_name": "Beth",
  "text": "Lisa's place was perfect! Full of artistic charm and whimsy. This cozy bungalow with two big rooms was the size for my friend and I when we travelled to Austin. Was very clean and relaxing. I wish I could've stayed longer than one night. Thank you Lisa!",
  "title": "Eastside Bungalow SXSW/dwntwn",
  "host_id": 534546,
  "listing_latitude": 30.248398546667826,
  "listing_longitude": -97.72301922102484,
  "host_name": "Lisa"
}
