{
  "listing_id": 2149762,
  "id": 17604746,
  "date": "2014-08-14",
  "reviewer_id": 4976916,
  "reviewer_name": "Steve And Mariana",
  "text": "Thanks Lisa!  We enjoyed our short stay very much.  Such a nice cozy bungalow that was perfect for our trip.  We also \"enjoyed\" the experience of getting our dinner (take (email hidden) Oak Barbecue around the corner.  We got take out there and enjoyed a quiet evening.  Thanks again!",
  "title": "Eastside Bungalow SXSW/dwntwn",
  "host_id": 534546,
  "listing_latitude": 30.248398546667826,
  "listing_longitude": -97.72301922102484,
  "host_name": "Lisa"
}
