{
  "listing_id": 2149762,
  "id": 17984859,
  "date": "2014-08-19",
  "reviewer_id": 19991089,
  "reviewer_name": "Maku Alberto",
  "text": "My friends and I have had a very good experience at this little nice house. It's just what we need for a weekend in this amazing city. The house is very comfy, cool and has all the amenities we all need, A/C, wifi, etc. Very close to great shops, restaurants and bars. I recommend it 100%.",
  "title": "Eastside Bungalow SXSW/dwntwn",
  "host_id": 534546,
  "listing_latitude": 30.248398546667826,
  "listing_longitude": -97.72301922102484,
  "host_name": "Lisa"
}
