{
  "listing_id": 2149762,
  "id": 21551678,
  "date": "2014-10-19",
  "reviewer_id": 2079525,
  "reviewer_name": "Megan",
  "text": "Lisa's communication was prompt and clear, and her house is just as pictured in the photos. Quiet neighborhood, walking distance to a few restaurants and bars (we liked the Tamale House for brunch) with easy access to other parts of Austin ($9 uber to downtown). \r\n\r\nHeads up that the two beds are full size instead of queen and the mattress was quite uncomfortable. My fiancé and I only stayed one night, so it wasn't a problem for us, but I would want to know a detail like that before I booked this place for a week.",
  "title": "Eastside Bungalow SXSW/dwntwn",
  "host_id": 534546,
  "listing_latitude": 30.248398546667826,
  "listing_longitude": -97.72301922102484,
  "host_name": "Lisa"
}
