{
  "listing_id": 2149762,
  "id": 23025105,
  "date": "2014-11-20",
  "reviewer_id": 4327190,
  "reviewer_name": "Stacey",
  "text": "Lisa was super responsive and amazing! Great place in a wonderful location. Only downside is more on the AirBnB side. I tried to alter the date and stay a night. Lisa accepted, but I still can't seem to figure out how to pay!",
  "title": "Eastside Bungalow SXSW/dwntwn",
  "host_id": 534546,
  "listing_latitude": 30.248398546667826,
  "listing_longitude": -97.72301922102484,
  "host_name": "Lisa"
}
