{
  "listing_id": 2149762,
  "id": 23958817,
  "date": "2014-12-15",
  "reviewer_id": 23955224,
  "reviewer_name": "Brandon",
  "text": "Lisa did a great job at making sure that we had everything we needed without feeling intrusive. we brought our 1 year old with us and she made a special trip to drop a pack and play off for us. She checked in with us a couple times throughout the stay just to make sure all was well and we were enjoying the stay. The house was very conveniently located to all that Austin has to offer. Thank you for a great experience!",
  "title": "Eastside Bungalow SXSW/dwntwn",
  "host_id": 534546,
  "listing_latitude": 30.248398546667826,
  "listing_longitude": -97.72301922102484,
  "host_name": "Lisa"
}
