{
  "listing_id": 2149762,
  "id": 26025025,
  "date": "2015-02-01",
  "reviewer_id": 11183639,
  "reviewer_name": "Chelsea",
  "text": "We loved staying at the Eastside Bungalow. The description was perfect and Lisa was always available if we needed anything. We spent the nights dancing and listening to Lisa's impressive vinyl collection.",
  "title": "Eastside Bungalow SXSW/dwntwn",
  "host_id": 534546,
  "listing_latitude": 30.248398546667826,
  "listing_longitude": -97.72301922102484,
  "host_name": "Lisa"
}
