{
  "listing_id": 2149762,
  "id": 27116323,
  "date": "2015-02-25",
  "reviewer_id": 20871722,
  "reviewer_name": "Giselle",
  "text": "It was really enjoyable. Lisa was easy to communicate with and there was a lot of space. The location was an easy 5-8 Uber ride to the Capital and all if the great restaurants downtown. We parked in the driveway and never moved the car. Didn't have to stress about traffic or being too far away from all our needs.",
  "title": "Eastside Bungalow SXSW/dwntwn",
  "host_id": 534546,
  "listing_latitude": 30.248398546667826,
  "listing_longitude": -97.72301922102484,
  "host_name": "Lisa"
}
