{
  "listing_id": 2149762,
  "id": 35679302,
  "date": "2015-06-21",
  "reviewer_id": 7592397,
  "reviewer_name": "David",
  "text": "We had a great experience staying in Lisa's bungalow.  It's conveniently located to 6th street which is ideal for trying out restaurants and night life.  The house is filled with fun eclectic art and was comfortable for our group of four.",
  "title": "Eastside Bungalow SXSW/dwntwn",
  "host_id": 534546,
  "listing_latitude": 30.248398546667826,
  "listing_longitude": -97.72301922102484,
  "host_name": "Lisa"
}
