{
  "listing_id": 2149762,
  "id": 36014884,
  "date": "2015-06-24",
  "reviewer_id": 31912236,
  "reviewer_name": "Alice",
  "text": "We had a wonderful stay! Beautiful property where we felt very comfortable - there was everything we could need in bathroom/bedroom/kitchen. Great location for getting to Downtown and other areas. The handbook and recommendations were so useful and gave a personal touch. \r\nWe had a great time and would definitely recommend!",
  "title": "Eastside Bungalow SXSW/dwntwn",
  "host_id": 534546,
  "listing_latitude": 30.248398546667826,
  "listing_longitude": -97.72301922102484,
  "host_name": "Lisa"
}
