{
  "listing_id": 2149762,
  "id": 38571376,
  "date": "2015-07-16",
  "reviewer_id": 19915839,
  "reviewer_name": "Adam",
  "text": "Stay was great. I was only in town for a night, checked in late but everything went smooth. I communicated regularly w/ Lisa, but never saw her due to a late night (but seamless) check-in. Hope to be back soon!",
  "title": "Eastside Bungalow SXSW/dwntwn",
  "host_id": 534546,
  "listing_latitude": 30.248398546667826,
  "listing_longitude": -97.72301922102484,
  "host_name": "Lisa"
}
