{
  "listing_id": 2149762,
  "id": 41388768,
  "date": "2015-08-07",
  "reviewer_id": 9543532,
  "reviewer_name": "Curtis",
  "text": "Lisa was great…welcoming, cute bungalow and good references for food around town.  When I broke a key she came armed with bolt cutters and rescued my computer from the locked cabinet….above and beyond…Curtis",
  "title": "Eastside Bungalow SXSW/dwntwn",
  "host_id": 534546,
  "listing_latitude": 30.248398546667826,
  "listing_longitude": -97.72301922102484,
  "host_name": "Lisa"
}
