{
  "listing_id": 2149762,
  "id": 43247806,
  "date": "2015-08-18",
  "reviewer_id": 36833348,
  "reviewer_name": "Erin",
  "text": "Great little place- exactly as described in the listing! Awesome for an Austin \"home base.\" My sister and I were able to feel at home and relax - great food in walking distance. A/C kept it perfectly cool. Very convenient late check in procedures. Thanks Lisa!",
  "title": "Eastside Bungalow SXSW/dwntwn",
  "host_id": 534546,
  "listing_latitude": 30.248398546667826,
  "listing_longitude": -97.72301922102484,
  "host_name": "Lisa"
}
