{
  "listing_id": 2149762,
  "id": 43626243,
  "date": "2015-08-21",
  "reviewer_id": 23437786,
  "reviewer_name": "Mike",
  "text": "We did not meet Lisa, but she was very responsive to emails and texts. The house was perfect - exactly as shown in the photos! Lisa gave us a nice list of places to eat and drink and the house was very clean. Highly recommended!",
  "title": "Eastside Bungalow SXSW/dwntwn",
  "host_id": 534546,
  "listing_latitude": 30.248398546667826,
  "listing_longitude": -97.72301922102484,
  "host_name": "Lisa"
}
