{
  "listing_id": 2149762,
  "id": 47999021,
  "date": "2015-09-22",
  "reviewer_id": 41974303,
  "reviewer_name": "Stephen",
  "text": "We had a truly wonderful stay! Lisa's home was colourful, clean & in a great location. It was stocked with everything we required to be comfortable & happy. We would definitely stay here again if the opportunity arose to return to Austin.",
  "title": "Eastside Bungalow SXSW/dwntwn",
  "host_id": 534546,
  "listing_latitude": 30.248398546667826,
  "listing_longitude": -97.72301922102484,
  "host_name": "Lisa"
}
