{
  "listing_id": 2149762,
  "id": 49111030,
  "date": "2015-10-01",
  "reviewer_id": 15113394,
  "reviewer_name": "Erwin",
  "text": "Beautiful house. Very comfortable, just as the pictures describe it. Good and calm neighborhood close to Juan in a million (good breakfast) and juiceland. If you plan to visit Austin this is a great spot. I will definitely return. Thanks!!!",
  "title": "Eastside Bungalow SXSW/dwntwn",
  "host_id": 534546,
  "listing_latitude": 30.248398546667826,
  "listing_longitude": -97.72301922102484,
  "host_name": "Lisa"
}
