{
  "listing_id": 2149762,
  "id": 51572430,
  "date": "2015-10-21",
  "reviewer_id": 8000437,
  "reviewer_name": "Rick",
  "text": "Great comfortable space. Located in perfect location roughly a mile from downtown. Killer Juice spot a stones throw away. Wonderful backyard that i didn't get a chance to enjoy. Highly recommend",
  "title": "Eastside Bungalow SXSW/dwntwn",
  "host_id": 534546,
  "listing_latitude": 30.248398546667826,
  "listing_longitude": -97.72301922102484,
  "host_name": "Lisa"
}
