{
  "listing_id": 141550,
  "id": 1421817,
  "date": "2012-06-05",
  "reviewer_id": 2398286,
  "reviewer_name": "Bryan",
  "text": "A perfect little house with a fabulous AC unit. My lady and I would bike around Austin all day and return to Fiona's Cottage sanctuary! Very private and very comfortable. Fiona is incredibly accommodating to all your travel needs.",
  "title": "Sweet, Sexy Studio in the '02",
  "host_id": 688306,
  "listing_latitude": 30.25581961280061,
  "listing_longitude": -97.72709090146905,
  "host_name": "Fiona"
}
