{
  "listing_id": 141550,
  "id": 2258825,
  "date": "2012-09-10",
  "reviewer_id": 304514,
  "reviewer_name": "Fayza",
  "text": "What a cute little space in one of Austin's hip and upcoming neighborhoods! The location was central to everything I wanted to do (without having to deal with any of that 6th Street nonsense), the little cottage is cute cute cute, and Fiona is a great, flexible host. If you're looking for something unique in Austin, this is it!",
  "title": "Sweet, Sexy Studio in the '02",
  "host_id": 688306,
  "listing_latitude": 30.25581961280061,
  "listing_longitude": -97.72709090146905,
  "host_name": "Fiona"
}
