{
  "listing_id": 141550,
  "id": 2318858,
  "date": "2012-09-17",
  "reviewer_id": 1439593,
  "reviewer_name": "Michael",
  "text": "Exactly as advertised, a comfy place in a fun location for a fair price.\r\n\r\nFiona made sure the place was clean and fully prepped for my arrival.  She was even nice enough to mail a shirt I accidentally left behind!\r\n\r\nThanks Fiona!",
  "title": "Sweet, Sexy Studio in the '02",
  "host_id": 688306,
  "listing_latitude": 30.25581961280061,
  "listing_longitude": -97.72709090146905,
  "host_name": "Fiona"
}
