{
  "listing_id": 141550,
  "id": 2535928,
  "date": "2012-10-08",
  "reviewer_id": 2796131,
  "reviewer_name": "Alice",
  "text": "I got married on Austin's eastside and we stayed in fiona's little cottage on our wedding night. It was clean and cozy and romantic. Fiona knew our occasion and even went out of her way to leave us chocolates, champagne and there were rose pedals leading from the door to the bed. It was so lovely.",
  "title": "Sweet, Sexy Studio in the '02",
  "host_id": 688306,
  "listing_latitude": 30.25581961280061,
  "listing_longitude": -97.72709090146905,
  "host_name": "Fiona"
}
