{
  "listing_id": 141550,
  "id": 3567636,
  "date": "2013-02-18",
  "reviewer_id": 1567536,
  "reviewer_name": "Cari",
  "text": "We had a great time during our stay in Austin! The cottage was super cute and close to downtown. Many restaurants were within walking distance. The cottage was easy to find and very quiet at night so we got plenty of rest. All in all it's a great place and a great value!",
  "title": "Sweet, Sexy Studio in the '02",
  "host_id": 688306,
  "listing_latitude": 30.25581961280061,
  "listing_longitude": -97.72709090146905,
  "host_name": "Fiona"
}
