{
  "listing_id": 141550,
  "id": 5301080,
  "date": "2013-06-23",
  "reviewer_id": 6817497,
  "reviewer_name": "Jonah",
  "text": "Fiona was a great host, the place was awesome! Soooo close to downtown, literally a five minute bikeride to the Belmont Theater! We had an awesome stay in this cottage and highly recommend it to others! Thanks Fiona!",
  "title": "Sweet, Sexy Studio in the '02",
  "host_id": 688306,
  "listing_latitude": 30.25581961280061,
  "listing_longitude": -97.72709090146905,
  "host_name": "Fiona"
}
