{
  "listing_id": 141550,
  "id": 7383664,
  "date": "2013-09-17",
  "reviewer_id": 16761839,
  "reviewer_name": "James",
  "text": "Fiona was a great host- very easy to communicate with and accommodating.  Left tips of excellent places to visit, and the space is in a cool part of town. She graciously extended our stay at the last minute which was awesome. I would definitely recommend this space to anyone who is coming to Austin!",
  "title": "Sweet, Sexy Studio in the '02",
  "host_id": 688306,
  "listing_latitude": 30.25581961280061,
  "listing_longitude": -97.72709090146905,
  "host_name": "Fiona"
}
