{
  "listing_id": 141550,
  "id": 8037481,
  "date": "2013-10-14",
  "reviewer_id": 6388742,
  "reviewer_name": "Laura",
  "text": "Loved the character, lay-out and location of this cottage. And Fiona was a most excellent and helpful hostess. She seems to genuinely care that you are enjoying her place and whatever brought you to Austin.",
  "title": "Sweet, Sexy Studio in the '02",
  "host_id": 688306,
  "listing_latitude": 30.25581961280061,
  "listing_longitude": -97.72709090146905,
  "host_name": "Fiona"
}
