{
  "listing_id": 141550,
  "id": 10685283,
  "date": "2014-03-03",
  "reviewer_id": 2168770,
  "reviewer_name": "Janet",
  "text": "The private apartment is cozy and perfect for travellers. It was clean, comfortable and inviting.\r\nMy only gripe was how slow the internet was. I didn't mind having no television, but even accessing my email was painfully slow. For that reason alone, we wouldn't return. However, if you don't care for the internet, then the place is a gem.",
  "title": "Sweet, Sexy Studio in the '02",
  "host_id": 688306,
  "listing_latitude": 30.25581961280061,
  "listing_longitude": -97.72709090146905,
  "host_name": "Fiona"
}
