{
  "listing_id": 141550,
  "id": 11357017,
  "date": "2014-03-31",
  "reviewer_id": 12486483,
  "reviewer_name": "Davida",
  "text": "Great funky artistic beautifully decorated cottage. Fantastic location. We rented bikes only, no car needed. We easily biked everywhere we wanted to go. Great weekend. Can't wait to return and would definitely stay here again.",
  "title": "Sweet, Sexy Studio in the '02",
  "host_id": 688306,
  "listing_latitude": 30.25581961280061,
  "listing_longitude": -97.72709090146905,
  "host_name": "Fiona"
}
