{
  "listing_id": 141550,
  "id": 12276042,
  "date": "2014-04-28",
  "reviewer_id": 11569714,
  "reviewer_name": "Eric",
  "text": "The cottage was even better in person than the website made it appear! Very cozy and quaint and it had everything we needed for our quick weekend stay in Austin. Fiona came by shortly after we checked in and made sure we had everything and couldn't have been a more gracious host. Thanks for allowing us the opportunity!",
  "title": "Sweet, Sexy Studio in the '02",
  "host_id": 688306,
  "listing_latitude": 30.25581961280061,
  "listing_longitude": -97.72709090146905,
  "host_name": "Fiona"
}
