code,value,description,parent,related terms
91935009,Allergy to peanuts,Allergy to peanuts,,Healthcare_Data >> Allergy Code
91934008,Allergy to nut,Allergy to nut,,Healthcare_Data >> Allergy Code
91930004,Allergy to eggs,Allergy to eggs,,Healthcare_Data >> Allergy Code
714035009,Allergy to soya,Allergy to soya,,Healthcare_Data >> Allergy Code
425525006,Allergy to dairy product,Allergy to dairy product,,Healthcare_Data >> Allergy Code
424213003,Allergy to bee venom,Allergy to bee venom,,Healthcare_Data >> Allergy Code
420174000,Allergy to wheat,Allergy to wheat,,Healthcare_Data >> Allergy Code
419474003,Allergy to mold,Allergy to mold,,Healthcare_Data >> Allergy Code
419263009,Allergy to tree pollen,Allergy to tree pollen,,Healthcare_Data >> Allergy Code
418689008,Allergy to grass pollen,Allergy to grass pollen,,Healthcare_Data >> Allergy Code
417532002,Allergy to fish,Allergy to fish,,Healthcare_Data >> Allergy Code
300916003,Latex allergy,Latex allergy,,Healthcare_Data >> Allergy Code
300913006,Shellfish allergy,Shellfish allergy,,Healthcare_Data >> Allergy Code
232350006,House dust mite allergy,House dust mite allergy,,Healthcare_Data >> Allergy Code
232347008,Dander (animal) allergy,Dander (animal) allergy,,Healthcare_Data >> Allergy Code