code,value,description,parent,related terms
53950000,53950000,Respiratory therapy,,Healthcare_Data >> Careplan Code
225358003,225358003,Wound care,,Healthcare_Data >> Careplan Code
91251008,91251008,Physical therapy procedure,,Healthcare_Data >> Careplan Code
869761000000107,869761000000107,Urinary tract infection care,,Healthcare_Data >> Careplan Code
385691007,385691007,Fracture care,,Healthcare_Data >> Careplan Code
134435003,134435003,Routine antenatal care,,Healthcare_Data >> Careplan Code
698360004,698360004,Diabetes self management plan,,Healthcare_Data >> Careplan Code
443402002,443402002,Lifestyle education regarding hypertension,,Healthcare_Data >> Careplan Code
384758001,384758001,Self-care interventions (procedure),,Healthcare_Data >> Careplan Code
408869004,408869004,Musculoskeletal care,,Healthcare_Data >> Careplan Code
737471002,737471002,Minor surgery care management (procedure),,Healthcare_Data >> Careplan Code
699728000,699728000,Asthma self management,,Healthcare_Data >> Careplan Code
170836005,170836005,Allergic disorder monitoring,,Healthcare_Data >> Careplan Code
47387005,47387005,Head injury rehabilitation,,Healthcare_Data >> Careplan Code
736285004,736285004,Hyperlipidemia clinical management plan,,Healthcare_Data >> Careplan Code
711282006,711282006,Skin condition care,,Healthcare_Data >> Careplan Code
133901003,133901003,Burn care,,Healthcare_Data >> Careplan Code
736252007,736252007,Cancer care plan,,Healthcare_Data >> Careplan Code
412776001,412776001,Chronic obstructive pulmonary disease clinical management plan,,Healthcare_Data >> Careplan Code
718347000,718347000,Mental health care plan,,Healthcare_Data >> Careplan Code
734163000,734163000,Care Plan (record artifact),,Healthcare_Data >> Careplan Code
386522008,386522008,Overactivity/inattention behavior management,,Healthcare_Data >> Careplan Code
386257007,386257007,Demential management,,Healthcare_Data >> Careplan Code
395082007,395082007,Cancer care plan,,Healthcare_Data >> Careplan Code
781831000000109,781831000000109,Major surgery care management,,Healthcare_Data >> Careplan Code
182964004,182964004,Terminal care,,Healthcare_Data >> Careplan Code
735984001,735984001,Heart failure self management plan,,Healthcare_Data >> Careplan Code
736353004,736353004,Inpatient care plan (record artifact),,Healthcare_Data >> Careplan Code
75162002,75162002,Spinal cord injury rehabilitation,,Healthcare_Data >> Careplan Code
736690008,736690008,Dialysis care plan (record artifact),,Healthcare_Data >> Careplan Code
736254008,736254008,Psychiatry care plan,,Healthcare_Data >> Careplan Code
737434004,737434004,Major depressive disorder clinical management plan,,Healthcare_Data >> Careplan Code