code,value,description,parent,related terms
1734006,1734006,Fracture of the vertebral column with spinal cord injury,,"Healthcare_Data >> Procedure Reason Code, Healthcare_Data >> Medication Reason Code, Healthcare_Data >> Condition Code, Healthcare_Data >> Encounter Reason Code, Healthcare_Data >> Careplan Reason Code"
5602001,5602001,Opioid abuse (disorder),,"Healthcare_Data >> Procedure Reason Code, Healthcare_Data >> Medication Reason Code, Healthcare_Data >> Condition Code, Healthcare_Data >> Encounter Reason Code, Healthcare_Data >> Careplan Reason Code"
6072007,6072007,Bleeding from anus,,"Healthcare_Data >> Procedure Reason Code, Healthcare_Data >> Medication Reason Code, Healthcare_Data >> Condition Code, Healthcare_Data >> Encounter Reason Code, Healthcare_Data >> Careplan Reason Code"
7200002,7200002,Alcoholism,,"Healthcare_Data >> Procedure Reason Code, Healthcare_Data >> Medication Reason Code, Healthcare_Data >> Condition Code, Healthcare_Data >> Encounter Reason Code, Healthcare_Data >> Careplan Reason Code"
10509002,10509002,Acute bronchitis (disorder),,"Healthcare_Data >> Procedure Reason Code, Healthcare_Data >> Medication Reason Code, Healthcare_Data >> Condition Code, Healthcare_Data >> Encounter Reason Code, Healthcare_Data >> Careplan Reason Code"
15724005,15724005,Fracture of vertebral column without spinal cord injury,,"Healthcare_Data >> Procedure Reason Code, Healthcare_Data >> Medication Reason Code, Healthcare_Data >> Condition Code, Healthcare_Data >> Encounter Reason Code, Healthcare_Data >> Careplan Reason Code"
15777000,15777000,Prediabetes,,"Healthcare_Data >> Procedure Reason Code, Healthcare_Data >> Medication Reason Code, Healthcare_Data >> Condition Code, Healthcare_Data >> Encounter Reason Code, Healthcare_Data >> Careplan Reason Code"
16114001,16114001,Fracture of ankle,,"Healthcare_Data >> Procedure Reason Code, Healthcare_Data >> Medication Reason Code, Healthcare_Data >> Condition Code, Healthcare_Data >> Encounter Reason Code, Healthcare_Data >> Careplan Reason Code"
19169002,19169002,Miscarriage in first trimester,,"Healthcare_Data >> Procedure Reason Code, Healthcare_Data >> Medication Reason Code, Healthcare_Data >> Condition Code, Healthcare_Data >> Encounter Reason Code, Healthcare_Data >> Careplan Reason Code"
22298006,22298006,Myocardial Infarction,,"Healthcare_Data >> Procedure Reason Code, Healthcare_Data >> Medication Reason Code, Healthcare_Data >> Condition Code, Healthcare_Data >> Encounter Reason Code, Healthcare_Data >> Careplan Reason Code"
24079001,24079001,Atopic dermatitis,,"Healthcare_Data >> Procedure Reason Code, Healthcare_Data >> Medication Reason Code, Healthcare_Data >> Condition Code, Healthcare_Data >> Encounter Reason Code, Healthcare_Data >> Careplan Reason Code"
26929004,26929004,Alzheimer's disease (disorder),,"Healthcare_Data >> Procedure Reason Code, Healthcare_Data >> Medication Reason Code, Healthcare_Data >> Condition Code, Healthcare_Data >> Encounter Reason Code, Healthcare_Data >> Careplan Reason Code"
30832001,30832001,Rupture of patellar tendon,,"Healthcare_Data >> Procedure Reason Code, Healthcare_Data >> Medication Reason Code, Healthcare_Data >> Condition Code, Healthcare_Data >> Encounter Reason Code, Healthcare_Data >> Careplan Reason Code"
33737001,33737001,Fracture of rib,,"Healthcare_Data >> Procedure Reason Code, Healthcare_Data >> Medication Reason Code, Healthcare_Data >> Condition Code, Healthcare_Data >> Encounter Reason Code, Healthcare_Data >> Careplan Reason Code"
35999006,35999006,Blighted ovum,,"Healthcare_Data >> Procedure Reason Code, Healthcare_Data >> Medication Reason Code, Healthcare_Data >> Condition Code, Healthcare_Data >> Encounter Reason Code, Healthcare_Data >> Careplan Reason Code"
36923009,36923009,Major depression  single episode,,"Healthcare_Data >> Procedure Reason Code, Healthcare_Data >> Medication Reason Code, Healthcare_Data >> Condition Code, Healthcare_Data >> Encounter Reason Code, Healthcare_Data >> Careplan Reason Code"
36971009,36971009,Sinusitis (disorder),,"Healthcare_Data >> Procedure Reason Code, Healthcare_Data >> Medication Reason Code, Healthcare_Data >> Condition Code, Healthcare_Data >> Encounter Reason Code, Healthcare_Data >> Careplan Reason Code"
38822007,38822007,Cystitis,,"Healthcare_Data >> Procedure Reason Code, Healthcare_Data >> Medication Reason Code, Healthcare_Data >> Condition Code, Healthcare_Data >> Encounter Reason Code, Healthcare_Data >> Careplan Reason Code"
39848009,39848009,Whiplash injury to neck,,"Healthcare_Data >> Procedure Reason Code, Healthcare_Data >> Medication Reason Code, Healthcare_Data >> Condition Code, Healthcare_Data >> Encounter Reason Code, Healthcare_Data >> Careplan Reason Code"
40055000,40055000,Chronic sinusitis (disorder),,"Healthcare_Data >> Procedure Reason Code, Healthcare_Data >> Medication Reason Code, Healthcare_Data >> Condition Code, Healthcare_Data >> Encounter Reason Code, Healthcare_Data >> Careplan Reason Code"
40275004,40275004,Contact dermatitis,,"Healthcare_Data >> Procedure Reason Code, Healthcare_Data >> Medication Reason Code, Healthcare_Data >> Condition Code, Healthcare_Data >> Encounter Reason Code, Healthcare_Data >> Careplan Reason Code"
43878008,43878008,Streptococcal sore throat (disorder),,"Healthcare_Data >> Procedure Reason Code, Healthcare_Data >> Medication Reason Code, Healthcare_Data >> Condition Code, Healthcare_Data >> Encounter Reason Code, Healthcare_Data >> Careplan Reason Code"
44054006,44054006,Diabetes,,"Healthcare_Data >> Procedure Reason Code, Healthcare_Data >> Medication Reason Code, Healthcare_Data >> Condition Code, Healthcare_Data >> Encounter Reason Code, Healthcare_Data >> Careplan Reason Code"
44465007,44465007,Sprain of ankle,,"Healthcare_Data >> Procedure Reason Code, Healthcare_Data >> Medication Reason Code, Healthcare_Data >> Condition Code, Healthcare_Data >> Encounter Reason Code, Healthcare_Data >> Careplan Reason Code"
45816000,45816000,Pyelonephritis,,"Healthcare_Data >> Procedure Reason Code, Healthcare_Data >> Medication Reason Code, Healthcare_Data >> Condition Code, Healthcare_Data >> Encounter Reason Code, Healthcare_Data >> Careplan Reason Code"
47693006,47693006,Rupture of appendix,,"Healthcare_Data >> Procedure Reason Code, Healthcare_Data >> Medication Reason Code, Healthcare_Data >> Condition Code, Healthcare_Data >> Encounter Reason Code, Healthcare_Data >> Careplan Reason Code"
48333001,48333001,Burn injury(morphologic abnormality),,"Healthcare_Data >> Procedure Reason Code, Healthcare_Data >> Medication Reason Code, Healthcare_Data >> Condition Code, Healthcare_Data >> Encounter Reason Code, Healthcare_Data >> Careplan Reason Code"
49436004,49436004,Atrial Fibrillation,,"Healthcare_Data >> Procedure Reason Code, Healthcare_Data >> Medication Reason Code, Healthcare_Data >> Condition Code, Healthcare_Data >> Encounter Reason Code, Healthcare_Data >> Careplan Reason Code"
53741008,53741008,Coronary Heart Disease,,"Healthcare_Data >> Procedure Reason Code, Healthcare_Data >> Medication Reason Code, Healthcare_Data >> Condition Code, Healthcare_Data >> Encounter Reason Code, Healthcare_Data >> Careplan Reason Code"
55680006,55680006,Drug overdose,,"Healthcare_Data >> Procedure Reason Code, Healthcare_Data >> Medication Reason Code, Healthcare_Data >> Condition Code, Healthcare_Data >> Encounter Reason Code, Healthcare_Data >> Careplan Reason Code"
55822004,55822004,Hyperlipidemia,,"Healthcare_Data >> Procedure Reason Code, Healthcare_Data >> Medication Reason Code, Healthcare_Data >> Condition Code, Healthcare_Data >> Encounter Reason Code, Healthcare_Data >> Careplan Reason Code"
58150001,58150001,Fracture of clavicle,,"Healthcare_Data >> Procedure Reason Code, Healthcare_Data >> Medication Reason Code, Healthcare_Data >> Condition Code, Healthcare_Data >> Encounter Reason Code, Healthcare_Data >> Careplan Reason Code"
59621000,59621000,Hypertension,,"Healthcare_Data >> Procedure Reason Code, Healthcare_Data >> Medication Reason Code, Healthcare_Data >> Condition Code, Healthcare_Data >> Encounter Reason Code, Healthcare_Data >> Careplan Reason Code"
62106007,62106007,Concussion with no loss of consciousness,,"Healthcare_Data >> Procedure Reason Code, Healthcare_Data >> Medication Reason Code, Healthcare_Data >> Condition Code, Healthcare_Data >> Encounter Reason Code, Healthcare_Data >> Careplan Reason Code"
62564004,62564004,Concussion with loss of consciousness,,"Healthcare_Data >> Procedure Reason Code, Healthcare_Data >> Medication Reason Code, Healthcare_Data >> Condition Code, Healthcare_Data >> Encounter Reason Code, Healthcare_Data >> Careplan Reason Code"
64859006,64859006,Osteoporosis (disorder),,"Healthcare_Data >> Procedure Reason Code, Healthcare_Data >> Medication Reason Code, Healthcare_Data >> Condition Code, Healthcare_Data >> Encounter Reason Code, Healthcare_Data >> Careplan Reason Code"
65363002,65363002,Otitis media,,"Healthcare_Data >> Procedure Reason Code, Healthcare_Data >> Medication Reason Code, Healthcare_Data >> Condition Code, Healthcare_Data >> Encounter Reason Code, Healthcare_Data >> Careplan Reason Code"
65966004,65966004,Fracture of forearm,,"Healthcare_Data >> Procedure Reason Code, Healthcare_Data >> Medication Reason Code, Healthcare_Data >> Condition Code, Healthcare_Data >> Encounter Reason Code, Healthcare_Data >> Careplan Reason Code"
68496003,68496003,Polyp of colon,,"Healthcare_Data >> Procedure Reason Code, Healthcare_Data >> Medication Reason Code, Healthcare_Data >> Condition Code, Healthcare_Data >> Encounter Reason Code, Healthcare_Data >> Careplan Reason Code"
69896004,69896004,Rheumatoid arthritis,,"Healthcare_Data >> Procedure Reason Code, Healthcare_Data >> Medication Reason Code, Healthcare_Data >> Condition Code, Healthcare_Data >> Encounter Reason Code, Healthcare_Data >> Careplan Reason Code"
70704007,70704007,Sprain of wrist,,"Healthcare_Data >> Procedure Reason Code, Healthcare_Data >> Medication Reason Code, Healthcare_Data >> Condition Code, Healthcare_Data >> Encounter Reason Code, Healthcare_Data >> Careplan Reason Code"
72892002,72892002,Normal pregnancy,,"Healthcare_Data >> Procedure Reason Code, Healthcare_Data >> Medication Reason Code, Healthcare_Data >> Condition Code, Healthcare_Data >> Encounter Reason Code, Healthcare_Data >> Careplan Reason Code"
74400008,74400008,Appendicitis,,"Healthcare_Data >> Procedure Reason Code, Healthcare_Data >> Medication Reason Code, Healthcare_Data >> Condition Code, Healthcare_Data >> Encounter Reason Code, Healthcare_Data >> Careplan Reason Code"
75498004,75498004,Acute bacterial sinusitis (disorder),,"Healthcare_Data >> Procedure Reason Code, Healthcare_Data >> Medication Reason Code, Healthcare_Data >> Condition Code, Healthcare_Data >> Encounter Reason Code, Healthcare_Data >> Careplan Reason Code"
79586000,79586000,Tubal pregnancy,,"Healthcare_Data >> Procedure Reason Code, Healthcare_Data >> Medication Reason Code, Healthcare_Data >> Condition Code, Healthcare_Data >> Encounter Reason Code, Healthcare_Data >> Careplan Reason Code"
80394007,80394007,Hyperglycemia (disorder),,"Healthcare_Data >> Procedure Reason Code, Healthcare_Data >> Medication Reason Code, Healthcare_Data >> Condition Code, Healthcare_Data >> Encounter Reason Code, Healthcare_Data >> Careplan Reason Code"
82423001,82423001,Chronic pain,,"Healthcare_Data >> Procedure Reason Code, Healthcare_Data >> Medication Reason Code, Healthcare_Data >> Condition Code, Healthcare_Data >> Encounter Reason Code, Healthcare_Data >> Careplan Reason Code"
83664006,83664006,Idiopathic atrophic hypothyroidism,,"Healthcare_Data >> Procedure Reason Code, Healthcare_Data >> Medication Reason Code, Healthcare_Data >> Condition Code, Healthcare_Data >> Encounter Reason Code, Healthcare_Data >> Careplan Reason Code"
84757009,84757009,Epilepsy,,"Healthcare_Data >> Procedure Reason Code, Healthcare_Data >> Medication Reason Code, Healthcare_Data >> Condition Code, Healthcare_Data >> Encounter Reason Code, Healthcare_Data >> Careplan Reason Code"
87433001,87433001,Pulmonary emphysema (disorder),,"Healthcare_Data >> Procedure Reason Code, Healthcare_Data >> Medication Reason Code, Healthcare_Data >> Condition Code, Healthcare_Data >> Encounter Reason Code, Healthcare_Data >> Careplan Reason Code"
88805009,88805009,Chronic congestive heart failure (disorder),,"Healthcare_Data >> Procedure Reason Code, Healthcare_Data >> Medication Reason Code, Healthcare_Data >> Condition Code, Healthcare_Data >> Encounter Reason Code, Healthcare_Data >> Careplan Reason Code"
90560007,90560007,Gout,,"Healthcare_Data >> Procedure Reason Code, Healthcare_Data >> Medication Reason Code, Healthcare_Data >> Condition Code, Healthcare_Data >> Encounter Reason Code, Healthcare_Data >> Careplan Reason Code"
92691004,92691004,Carcinoma in situ of prostate (disorder),,"Healthcare_Data >> Procedure Reason Code, Healthcare_Data >> Medication Reason Code, Healthcare_Data >> Condition Code, Healthcare_Data >> Encounter Reason Code, Healthcare_Data >> Careplan Reason Code"
93761005,93761005,Primary malignant neoplasm of colon,,"Healthcare_Data >> Procedure Reason Code, Healthcare_Data >> Medication Reason Code, Healthcare_Data >> Condition Code, Healthcare_Data >> Encounter Reason Code, Healthcare_Data >> Careplan Reason Code"
94260004,94260004,Secondary malignant neoplasm of colon,,"Healthcare_Data >> Procedure Reason Code, Healthcare_Data >> Medication Reason Code, Healthcare_Data >> Condition Code, Healthcare_Data >> Encounter Reason Code, Healthcare_Data >> Careplan Reason Code"
95417003,95417003,Primary fibromyalgia syndrome,,"Healthcare_Data >> Procedure Reason Code, Healthcare_Data >> Medication Reason Code, Healthcare_Data >> Condition Code, Healthcare_Data >> Encounter Reason Code, Healthcare_Data >> Careplan Reason Code"
109838007,109838007,Overlapping malignant neoplasm of colon,,"Healthcare_Data >> Procedure Reason Code, Healthcare_Data >> Medication Reason Code, Healthcare_Data >> Condition Code, Healthcare_Data >> Encounter Reason Code, Healthcare_Data >> Careplan Reason Code"
110030002,110030002,Concussion injury of brain,,"Healthcare_Data >> Procedure Reason Code, Healthcare_Data >> Medication Reason Code, Healthcare_Data >> Condition Code, Healthcare_Data >> Encounter Reason Code, Healthcare_Data >> Careplan Reason Code"
126906006,126906006,Neoplasm of prostate,,"Healthcare_Data >> Procedure Reason Code, Healthcare_Data >> Medication Reason Code, Healthcare_Data >> Condition Code, Healthcare_Data >> Encounter Reason Code, Healthcare_Data >> Careplan Reason Code"
127013003,127013003,Diabetic renal disease (disorder),,"Healthcare_Data >> Procedure Reason Code, Healthcare_Data >> Medication Reason Code, Healthcare_Data >> Condition Code, Healthcare_Data >> Encounter Reason Code, Healthcare_Data >> Careplan Reason Code"
128613002,128613002,Seizure disorder,,"Healthcare_Data >> Procedure Reason Code, Healthcare_Data >> Medication Reason Code, Healthcare_Data >> Condition Code, Healthcare_Data >> Encounter Reason Code, Healthcare_Data >> Careplan Reason Code"
156073000,156073000,Fetus with unknown complication,,"Healthcare_Data >> Procedure Reason Code, Healthcare_Data >> Medication Reason Code, Healthcare_Data >> Condition Code, Healthcare_Data >> Encounter Reason Code, Healthcare_Data >> Careplan Reason Code"
162573006,162573006,Suspected lung cancer (situation),,"Healthcare_Data >> Procedure Reason Code, Healthcare_Data >> Medication Reason Code, Healthcare_Data >> Condition Code, Healthcare_Data >> Encounter Reason Code, Healthcare_Data >> Careplan Reason Code"
162864005,162864005,Body mass index 30+ - obesity (finding),,"Healthcare_Data >> Procedure Reason Code, Healthcare_Data >> Medication Reason Code, Healthcare_Data >> Condition Code, Healthcare_Data >> Encounter Reason Code, Healthcare_Data >> Careplan Reason Code"
185086009,185086009,Chronic obstructive bronchitis (disorder),,"Healthcare_Data >> Procedure Reason Code, Healthcare_Data >> Medication Reason Code, Healthcare_Data >> Condition Code, Healthcare_Data >> Encounter Reason Code, Healthcare_Data >> Careplan Reason Code"
192127007,192127007,Child attention deficit disorder,,"Healthcare_Data >> Procedure Reason Code, Healthcare_Data >> Medication Reason Code, Healthcare_Data >> Condition Code, Healthcare_Data >> Encounter Reason Code, Healthcare_Data >> Careplan Reason Code"
195662009,195662009,Acute viral pharyngitis (disorder),,"Healthcare_Data >> Procedure Reason Code, Healthcare_Data >> Medication Reason Code, Healthcare_Data >> Condition Code, Healthcare_Data >> Encounter Reason Code, Healthcare_Data >> Careplan Reason Code"
196416002,196416002,Impacted molars,,"Healthcare_Data >> Procedure Reason Code, Healthcare_Data >> Medication Reason Code, Healthcare_Data >> Condition Code, Healthcare_Data >> Encounter Reason Code, Healthcare_Data >> Careplan Reason Code"
197927001,197927001,Recurrent urinary tract infection,,"Healthcare_Data >> Procedure Reason Code, Healthcare_Data >> Medication Reason Code, Healthcare_Data >> Condition Code, Healthcare_Data >> Encounter Reason Code, Healthcare_Data >> Careplan Reason Code"
198992004,198992004,Antepartum eclampsia,,"Healthcare_Data >> Procedure Reason Code, Healthcare_Data >> Medication Reason Code, Healthcare_Data >> Condition Code, Healthcare_Data >> Encounter Reason Code, Healthcare_Data >> Careplan Reason Code"
201834006,201834006,Localized  primary osteoarthritis of the hand,,"Healthcare_Data >> Procedure Reason Code, Healthcare_Data >> Medication Reason Code, Healthcare_Data >> Condition Code, Healthcare_Data >> Encounter Reason Code, Healthcare_Data >> Careplan Reason Code"
230265002,230265002,Familial Alzheimer's disease of early onset (disorder),,"Healthcare_Data >> Procedure Reason Code, Healthcare_Data >> Medication Reason Code, Healthcare_Data >> Condition Code, Healthcare_Data >> Encounter Reason Code, Healthcare_Data >> Careplan Reason Code"
230690007,230690007,Stroke,,"Healthcare_Data >> Procedure Reason Code, Healthcare_Data >> Medication Reason Code, Healthcare_Data >> Condition Code, Healthcare_Data >> Encounter Reason Code, Healthcare_Data >> Careplan Reason Code"
232353008,232353008,Perennial allergic rhinitis with seasonal variation,,"Healthcare_Data >> Procedure Reason Code, Healthcare_Data >> Medication Reason Code, Healthcare_Data >> Condition Code, Healthcare_Data >> Encounter Reason Code, Healthcare_Data >> Careplan Reason Code"
233604007,233604007,Pneumonia,,"Healthcare_Data >> Procedure Reason Code, Healthcare_Data >> Medication Reason Code, Healthcare_Data >> Condition Code, Healthcare_Data >> Encounter Reason Code, Healthcare_Data >> Careplan Reason Code"
233678006,233678006,Childhood asthma,,"Healthcare_Data >> Procedure Reason Code, Healthcare_Data >> Medication Reason Code, Healthcare_Data >> Condition Code, Healthcare_Data >> Encounter Reason Code, Healthcare_Data >> Careplan Reason Code"
236077008,236077008,Protracted diarrhea,,"Healthcare_Data >> Procedure Reason Code, Healthcare_Data >> Medication Reason Code, Healthcare_Data >> Condition Code, Healthcare_Data >> Encounter Reason Code, Healthcare_Data >> Careplan Reason Code"
237602007,237602007,Metabolic syndrome X (disorder),,"Healthcare_Data >> Procedure Reason Code, Healthcare_Data >> Medication Reason Code, Healthcare_Data >> Condition Code, Healthcare_Data >> Encounter Reason Code, Healthcare_Data >> Careplan Reason Code"
239720000,239720000,Tear of meniscus of knee,,"Healthcare_Data >> Procedure Reason Code, Healthcare_Data >> Medication Reason Code, Healthcare_Data >> Condition Code, Healthcare_Data >> Encounter Reason Code, Healthcare_Data >> Careplan Reason Code"
239872002,239872002,Osteoarthritis of hip,,"Healthcare_Data >> Procedure Reason Code, Healthcare_Data >> Medication Reason Code, Healthcare_Data >> Condition Code, Healthcare_Data >> Encounter Reason Code, Healthcare_Data >> Careplan Reason Code"
239873007,239873007,Osteoarthritis of knee,,"Healthcare_Data >> Procedure Reason Code, Healthcare_Data >> Medication Reason Code, Healthcare_Data >> Condition Code, Healthcare_Data >> Encounter Reason Code, Healthcare_Data >> Careplan Reason Code"
241929008,241929008,Acute allergic reaction,,"Healthcare_Data >> Procedure Reason Code, Healthcare_Data >> Medication Reason Code, Healthcare_Data >> Condition Code, Healthcare_Data >> Encounter Reason Code, Healthcare_Data >> Careplan Reason Code"
254632001,254632001,Small cell carcinoma of lung (disorder),,"Healthcare_Data >> Procedure Reason Code, Healthcare_Data >> Medication Reason Code, Healthcare_Data >> Condition Code, Healthcare_Data >> Encounter Reason Code, Healthcare_Data >> Careplan Reason Code"
254637007,254637007,Non-small cell lung cancer (disorder),,"Healthcare_Data >> Procedure Reason Code, Healthcare_Data >> Medication Reason Code, Healthcare_Data >> Condition Code, Healthcare_Data >> Encounter Reason Code, Healthcare_Data >> Careplan Reason Code"
254837009,254837009,Malignant neoplasm of breast (disorder),,"Healthcare_Data >> Procedure Reason Code, Healthcare_Data >> Medication Reason Code, Healthcare_Data >> Condition Code, Healthcare_Data >> Encounter Reason Code, Healthcare_Data >> Careplan Reason Code"
262574004,262574004,Bullet wound,,"Healthcare_Data >> Procedure Reason Code, Healthcare_Data >> Medication Reason Code, Healthcare_Data >> Condition Code, Healthcare_Data >> Encounter Reason Code, Healthcare_Data >> Careplan Reason Code"
263102004,263102004,Fracture subluxation of wrist,,"Healthcare_Data >> Procedure Reason Code, Healthcare_Data >> Medication Reason Code, Healthcare_Data >> Condition Code, Healthcare_Data >> Encounter Reason Code, Healthcare_Data >> Careplan Reason Code"
271737000,271737000,Anemia (disorder),,"Healthcare_Data >> Procedure Reason Code, Healthcare_Data >> Medication Reason Code, Healthcare_Data >> Condition Code, Healthcare_Data >> Encounter Reason Code, Healthcare_Data >> Careplan Reason Code"
275272006,275272006,Brain damage - traumatic,,"Healthcare_Data >> Procedure Reason Code, Healthcare_Data >> Medication Reason Code, Healthcare_Data >> Condition Code, Healthcare_Data >> Encounter Reason Code, Healthcare_Data >> Careplan Reason Code"
283371005,283371005,Laceration of forearm,,"Healthcare_Data >> Procedure Reason Code, Healthcare_Data >> Medication Reason Code, Healthcare_Data >> Condition Code, Healthcare_Data >> Encounter Reason Code, Healthcare_Data >> Careplan Reason Code"
283385000,283385000,Laceration of thigh,,"Healthcare_Data >> Procedure Reason Code, Healthcare_Data >> Medication Reason Code, Healthcare_Data >> Condition Code, Healthcare_Data >> Encounter Reason Code, Healthcare_Data >> Careplan Reason Code"
284549007,284549007,Laceration of hand,,"Healthcare_Data >> Procedure Reason Code, Healthcare_Data >> Medication Reason Code, Healthcare_Data >> Condition Code, Healthcare_Data >> Encounter Reason Code, Healthcare_Data >> Careplan Reason Code"
284551006,284551006,Laceration of foot,,"Healthcare_Data >> Procedure Reason Code, Healthcare_Data >> Medication Reason Code, Healthcare_Data >> Condition Code, Healthcare_Data >> Encounter Reason Code, Healthcare_Data >> Careplan Reason Code"
301011002,301011002,Escherichia coli urinary tract infection,,"Healthcare_Data >> Procedure Reason Code, Healthcare_Data >> Medication Reason Code, Healthcare_Data >> Condition Code, Healthcare_Data >> Encounter Reason Code, Healthcare_Data >> Careplan Reason Code"
302870006,302870006,Hypertriglyceridemia (disorder),,"Healthcare_Data >> Procedure Reason Code, Healthcare_Data >> Medication Reason Code, Healthcare_Data >> Condition Code, Healthcare_Data >> Encounter Reason Code, Healthcare_Data >> Careplan Reason Code"
307731004,307731004,Injury of tendon of the rotator cuff of shoulder,,"Healthcare_Data >> Procedure Reason Code, Healthcare_Data >> Medication Reason Code, Healthcare_Data >> Condition Code, Healthcare_Data >> Encounter Reason Code, Healthcare_Data >> Careplan Reason Code"
314994000,314994000,Metastasis from malignant tumor of prostate (disorder),,"Healthcare_Data >> Procedure Reason Code, Healthcare_Data >> Medication Reason Code, Healthcare_Data >> Condition Code, Healthcare_Data >> Encounter Reason Code, Healthcare_Data >> Careplan Reason Code"
359817006,359817006,Closed fracture of hip,,"Healthcare_Data >> Procedure Reason Code, Healthcare_Data >> Medication Reason Code, Healthcare_Data >> Condition Code, Healthcare_Data >> Encounter Reason Code, Healthcare_Data >> Careplan Reason Code"
363406005,363406005,Malignant tumor of colon,,"Healthcare_Data >> Procedure Reason Code, Healthcare_Data >> Medication Reason Code, Healthcare_Data >> Condition Code, Healthcare_Data >> Encounter Reason Code, Healthcare_Data >> Careplan Reason Code"
367498001,367498001,Seasonal allergic rhinitis,,"Healthcare_Data >> Procedure Reason Code, Healthcare_Data >> Medication Reason Code, Healthcare_Data >> Condition Code, Healthcare_Data >> Encounter Reason Code, Healthcare_Data >> Careplan Reason Code"
370143000,370143000,Major depression disorder,,"Healthcare_Data >> Procedure Reason Code, Healthcare_Data >> Medication Reason Code, Healthcare_Data >> Condition Code, Healthcare_Data >> Encounter Reason Code, Healthcare_Data >> Careplan Reason Code"
370247008,370247008,Facial laceration,,"Healthcare_Data >> Procedure Reason Code, Healthcare_Data >> Medication Reason Code, Healthcare_Data >> Condition Code, Healthcare_Data >> Encounter Reason Code, Healthcare_Data >> Careplan Reason Code"
398254007,398254007,Preeclampsia,,"Healthcare_Data >> Procedure Reason Code, Healthcare_Data >> Medication Reason Code, Healthcare_Data >> Condition Code, Healthcare_Data >> Encounter Reason Code, Healthcare_Data >> Careplan Reason Code"
399211009,399211009,History of myocardial infarction (situation),,"Healthcare_Data >> Procedure Reason Code, Healthcare_Data >> Medication Reason Code, Healthcare_Data >> Condition Code, Healthcare_Data >> Encounter Reason Code, Healthcare_Data >> Careplan Reason Code"
403190006,403190006,First degree burn,,"Healthcare_Data >> Procedure Reason Code, Healthcare_Data >> Medication Reason Code, Healthcare_Data >> Condition Code, Healthcare_Data >> Encounter Reason Code, Healthcare_Data >> Careplan Reason Code"
403191005,403191005,Second degree burn,,"Healthcare_Data >> Procedure Reason Code, Healthcare_Data >> Medication Reason Code, Healthcare_Data >> Condition Code, Healthcare_Data >> Encounter Reason Code, Healthcare_Data >> Careplan Reason Code"
408512008,408512008,Body mass index 40+ - severely obese (finding),,"Healthcare_Data >> Procedure Reason Code, Healthcare_Data >> Medication Reason Code, Healthcare_Data >> Condition Code, Healthcare_Data >> Encounter Reason Code, Healthcare_Data >> Careplan Reason Code"
410429000,410429000,Cardiac Arrest,,"Healthcare_Data >> Procedure Reason Code, Healthcare_Data >> Medication Reason Code, Healthcare_Data >> Condition Code, Healthcare_Data >> Encounter Reason Code, Healthcare_Data >> Careplan Reason Code"
422034002,422034002,Diabetic retinopathy associated with type II diabetes mellitus (disorder),,"Healthcare_Data >> Procedure Reason Code, Healthcare_Data >> Medication Reason Code, Healthcare_Data >> Condition Code, Healthcare_Data >> Encounter Reason Code, Healthcare_Data >> Careplan Reason Code"
424132000,424132000,Non-small cell carcinoma of lung  TNM stage 1 (disorder),,"Healthcare_Data >> Procedure Reason Code, Healthcare_Data >> Medication Reason Code, Healthcare_Data >> Condition Code, Healthcare_Data >> Encounter Reason Code, Healthcare_Data >> Careplan Reason Code"
428251008,428251008,History of appendectomy,,"Healthcare_Data >> Procedure Reason Code, Healthcare_Data >> Medication Reason Code, Healthcare_Data >> Condition Code, Healthcare_Data >> Encounter Reason Code, Healthcare_Data >> Careplan Reason Code"
429007001,429007001,History of cardiac arrest (situation),,"Healthcare_Data >> Procedure Reason Code, Healthcare_Data >> Medication Reason Code, Healthcare_Data >> Condition Code, Healthcare_Data >> Encounter Reason Code, Healthcare_Data >> Careplan Reason Code"
431855005,431855005,Chronic kidney disease stage 1 (disorder),,"Healthcare_Data >> Procedure Reason Code, Healthcare_Data >> Medication Reason Code, Healthcare_Data >> Condition Code, Healthcare_Data >> Encounter Reason Code, Healthcare_Data >> Careplan Reason Code"
431856006,431856006,Chronic kidney disease stage 2 (disorder),,"Healthcare_Data >> Procedure Reason Code, Healthcare_Data >> Medication Reason Code, Healthcare_Data >> Condition Code, Healthcare_Data >> Encounter Reason Code, Healthcare_Data >> Careplan Reason Code"
443165006,443165006,Pathological fracture due to osteoporosis (disorder),,"Healthcare_Data >> Procedure Reason Code, Healthcare_Data >> Medication Reason Code, Healthcare_Data >> Condition Code, Healthcare_Data >> Encounter Reason Code, Healthcare_Data >> Careplan Reason Code"
444448004,444448004,Injury of medial collateral ligament of knee,,"Healthcare_Data >> Procedure Reason Code, Healthcare_Data >> Medication Reason Code, Healthcare_Data >> Condition Code, Healthcare_Data >> Encounter Reason Code, Healthcare_Data >> Careplan Reason Code"
444470001,444470001,Injury of anterior cruciate ligament,,"Healthcare_Data >> Procedure Reason Code, Healthcare_Data >> Medication Reason Code, Healthcare_Data >> Condition Code, Healthcare_Data >> Encounter Reason Code, Healthcare_Data >> Careplan Reason Code"
444814009,444814009,Viral sinusitis (disorder),,"Healthcare_Data >> Procedure Reason Code, Healthcare_Data >> Medication Reason Code, Healthcare_Data >> Condition Code, Healthcare_Data >> Encounter Reason Code, Healthcare_Data >> Careplan Reason Code"
446096008,446096008,Perennial allergic rhinitis,,"Healthcare_Data >> Procedure Reason Code, Healthcare_Data >> Medication Reason Code, Healthcare_Data >> Condition Code, Healthcare_Data >> Encounter Reason Code, Healthcare_Data >> Careplan Reason Code"
449868002,449868002,Smokes tobacco daily,,"Healthcare_Data >> Procedure Reason Code, Healthcare_Data >> Medication Reason Code, Healthcare_Data >> Condition Code, Healthcare_Data >> Encounter Reason Code, Healthcare_Data >> Careplan Reason Code"
703151001,703151001,History of single seizure (situation),,"Healthcare_Data >> Procedure Reason Code, Healthcare_Data >> Medication Reason Code, Healthcare_Data >> Condition Code, Healthcare_Data >> Encounter Reason Code, Healthcare_Data >> Careplan Reason Code"
713197008,713197008,Recurrent rectal polyp,,"Healthcare_Data >> Procedure Reason Code, Healthcare_Data >> Medication Reason Code, Healthcare_Data >> Condition Code, Healthcare_Data >> Encounter Reason Code, Healthcare_Data >> Careplan Reason Code"
1501000119109,1501000119109,Proliferative diabetic retinopathy due to type II diabetes mellitus (disorder),,"Healthcare_Data >> Procedure Reason Code, Healthcare_Data >> Medication Reason Code, Healthcare_Data >> Condition Code, Healthcare_Data >> Encounter Reason Code, Healthcare_Data >> Careplan Reason Code"
1551000119108,1551000119108,Nonproliferative diabetic retinopathy due to type 2 diabetes mellitus (disorder),,"Healthcare_Data >> Procedure Reason Code, Healthcare_Data >> Medication Reason Code, Healthcare_Data >> Condition Code, Healthcare_Data >> Encounter Reason Code, Healthcare_Data >> Careplan Reason Code"
67811000119102,67811000119102,Primary small cell malignant neoplasm of lung  TNM stage 1 (disorder),,"Healthcare_Data >> Procedure Reason Code, Healthcare_Data >> Medication Reason Code, Healthcare_Data >> Condition Code, Healthcare_Data >> Encounter Reason Code, Healthcare_Data >> Careplan Reason Code"
90781000119102,90781000119102,Microalbuminuria due to type 2 diabetes mellitus (disorder),,"Healthcare_Data >> Procedure Reason Code, Healthcare_Data >> Medication Reason Code, Healthcare_Data >> Condition Code, Healthcare_Data >> Encounter Reason Code, Healthcare_Data >> Careplan Reason Code"
97331000119101,97331000119101,Macular edema and retinopathy due to type 2 diabetes mellitus (disorder),,"Healthcare_Data >> Procedure Reason Code, Healthcare_Data >> Medication Reason Code, Healthcare_Data >> Condition Code, Healthcare_Data >> Encounter Reason Code, Healthcare_Data >> Careplan Reason Code"
124171000119105,124171000119105,Chronic intractable migraine without aura,,"Healthcare_Data >> Procedure Reason Code, Healthcare_Data >> Medication Reason Code, Healthcare_Data >> Condition Code, Healthcare_Data >> Encounter Reason Code, Healthcare_Data >> Careplan Reason Code"
368581000119106,368581000119106,Neuropathy due to type 2 diabetes mellitus (disorder),,"Healthcare_Data >> Procedure Reason Code, Healthcare_Data >> Medication Reason Code, Healthcare_Data >> Condition Code, Healthcare_Data >> Encounter Reason Code, Healthcare_Data >> Careplan Reason Code"
47505003,47505003,Posttraumatic stress disorder,,"Healthcare_Data >> Procedure Reason Code, Healthcare_Data >> Medication Reason Code, Healthcare_Data >> Condition Code, Healthcare_Data >> Encounter Reason Code, Healthcare_Data >> Careplan Reason Code"
37849005,37849005,Congenital uterine anomaly,,"Healthcare_Data >> Procedure Reason Code, Healthcare_Data >> Medication Reason Code, Healthcare_Data >> Condition Code, Healthcare_Data >> Encounter Reason Code, Healthcare_Data >> Careplan Reason Code"
45595009,45595009,Laparoscopic Removal of Gall Bladder,,"Healthcare_Data >> Procedure Reason Code, Healthcare_Data >> Medication Reason Code, Healthcare_Data >> Condition Code, Healthcare_Data >> Encounter Reason Code, Healthcare_Data >> Careplan Reason Code"
65275009,65275009,Acute Cholecystitis,,"Healthcare_Data >> Procedure Reason Code, Healthcare_Data >> Medication Reason Code, Healthcare_Data >> Condition Code, Healthcare_Data >> Encounter Reason Code, Healthcare_Data >> Careplan Reason Code"
195967001,195967001,Asthma,,"Healthcare_Data >> Procedure Reason Code, Healthcare_Data >> Medication Reason Code, Healthcare_Data >> Condition Code, Healthcare_Data >> Encounter Reason Code, Healthcare_Data >> Careplan Reason Code"
267253006,267253006,Fetus with chromosomal abnormality,,"Healthcare_Data >> Procedure Reason Code, Healthcare_Data >> Medication Reason Code, Healthcare_Data >> Condition Code, Healthcare_Data >> Encounter Reason Code, Healthcare_Data >> Careplan Reason Code"
609496007,609496007,Complication occuring during pregnancy,,"Healthcare_Data >> Procedure Reason Code, Healthcare_Data >> Medication Reason Code, Healthcare_Data >> Condition Code, Healthcare_Data >> Encounter Reason Code, Healthcare_Data >> Careplan Reason Code"