﻿code,value,description,parent,related terms
22298006,22298006,Myocardial Infarction,,Healthcare_Data >> Encounter Code
32485007,32485007,Hospital admission,,Healthcare_Data >> Encounter Code
47505003,47505003,posttraumatic stress disorder,,Healthcare_Data >> Encounter Code
50849002,50849002,Emergency room admission (procedure),,Healthcare_Data >> Encounter Code
56876005,56876005,Drug rehabilitation and detoxification,,Healthcare_Data >> Encounter Code
79094001,79094001,Initial Psychiatric Interview with mental status evaluation,,Healthcare_Data >> Encounter Code
86013001,86013001,Periodic reevaluation and management of healthy individual (procedure),,Healthcare_Data >> Encounter Code
162673000,162673000,General examination of patient (procedure),,Healthcare_Data >> Encounter Code
169762003,169762003,Postnatal visit,,Healthcare_Data >> Encounter Code
170837001,170837001,Allergic disorder initial assessment,,Healthcare_Data >> Encounter Code
170838006,170838006,Allergic disorder follow-up assessment,,Healthcare_Data >> Encounter Code
183452005,183452005,Encounter Inpatient,,Healthcare_Data >> Encounter Code
183460006,183460006,Obstetric emergency hospital admission,,Healthcare_Data >> Encounter Code
183478001,183478001,Emergency hospital admission for asthma,,Healthcare_Data >> Encounter Code
183495009,183495009,Non-urgent orthopedic admission,,Healthcare_Data >> Encounter Code
185317003,185317003,Telephone encounter (procedure),,Healthcare_Data >> Encounter Code
185345009,185345009,Encounter for symptom (procedure),,Healthcare_Data >> Encounter Code
185347001,185347001,Encounter for problem (procedure),,Healthcare_Data >> Encounter Code
185349003,185349003,Encounter for check up (procedure),,Healthcare_Data >> Encounter Code
185389009,185389009,Follow-up visit (procedure),,Healthcare_Data >> Encounter Code
210098006,210098006,Domiciliary or rest home patient evaluation and management,,Healthcare_Data >> Encounter Code
223484005,223484005,Discussion about treatment (procedure),,Healthcare_Data >> Encounter Code
230690007,230690007,Stroke,,Healthcare_Data >> Encounter Code
270427003,270427003,Patient-initiated encounter,,Healthcare_Data >> Encounter Code
305408004,305408004,Admission to surgical department,,Healthcare_Data >> Encounter Code
305411003,305411003,Admission to thoracic surgery department,,Healthcare_Data >> Encounter Code
308335008,308335008,Patient encounter procedure,,Healthcare_Data >> Encounter Code
308540004,308540004,Inpatient stay (finding),,Healthcare_Data >> Encounter Code
308646001,308646001,Death Certification,,Healthcare_Data >> Encounter Code
310061009,310061009,Gynecology service (qualifier value),,Healthcare_Data >> Encounter Code
316744009,316744009,Office Visit,,Healthcare_Data >> Encounter Code
371883000,371883000,Outpatient procedure,,Healthcare_Data >> Encounter Code
390906007,390906007,Hypertension follow-up encounter,,Healthcare_Data >> Encounter Code
394701000,394701000,Asthma follow-up,,Healthcare_Data >> Encounter Code
410410006,410410006,Screening surveillance (regime/therapy),,Healthcare_Data >> Encounter Code
410429000,410429000,Cardiac Arrest,,Healthcare_Data >> Encounter Code
410620009,410620009,Well child visit (procedure),,Healthcare_Data >> Encounter Code
424441002,424441002,Prenatal initial visit,,Healthcare_Data >> Encounter Code
424619006,424619006,Prenatal visit,,Healthcare_Data >> Encounter Code
439740005,439740005,Postoperative follow-up visit (procedure),,Healthcare_Data >> Encounter Code
448337001,448337001,Telemedicine consultation with patient,,Healthcare_Data >> Encounter Code
698314001,698314001,Consultation for treatment,,Healthcare_Data >> Encounter Code
702927004,702927004,Urgent care clinic (procedure),,Healthcare_Data >> Encounter Code