﻿code,value,description,parent,related terms
3,3,MMR,,Healthcare_Data >> Immunization Code
8,8,Hep B  adolescent or pediatric,,Healthcare_Data >> Immunization Code
10,10,IPV,,Healthcare_Data >> Immunization Code
20,20,DTaP,,Healthcare_Data >> Immunization Code
21,21,varicella,,Healthcare_Data >> Immunization Code
33,33,pneumococcal polysaccharide vaccine  23 valent,,Healthcare_Data >> Immunization Code
43,43,Hep B  adult,,Healthcare_Data >> Immunization Code
49,49,Hib (PRP-OMP),,Healthcare_Data >> Immunization Code
52,52,Hep A  adult,,Healthcare_Data >> Immunization Code
62,62,HPV  quadrivalent,,Healthcare_Data >> Immunization Code
83,83,Hep A  ped/adol  2 dose,,Healthcare_Data >> Immunization Code
113,113,Td (adult) preservative free,,Healthcare_Data >> Immunization Code
114,114,meningococcal MCV4P,,Healthcare_Data >> Immunization Code
115,115,Tdap,,Healthcare_Data >> Immunization Code
119,119,rotavirus  monovalent,,Healthcare_Data >> Immunization Code
121,121,zoster,,Healthcare_Data >> Immunization Code
133,133,Pneumococcal conjugate PCV 13,,Healthcare_Data >> Immunization Code
140,140,Influenza  seasonal  injectable  preservative free,,Healthcare_Data >> Immunization Code