﻿code,value,description,parent,related terms
105078,105078,Penicillin G 375 MG/ML Injectable Solution,,Healthcare_Data >> Medication Code
105585,105585,Methotrexate 2.5 MG Oral Tablet,,Healthcare_Data >> Medication Code
106258,106258,Hydrocortisone 10 MG/ML Topical Cream,,Healthcare_Data >> Medication Code
106892,106892,insulin human  isophane 70 UNT/ML / Regular Insulin  Human 30 UNT/ML Injectable Suspension [Humulin],,Healthcare_Data >> Medication Code
141918,141918,Terfenadine 60 MG Oral Tablet,,Healthcare_Data >> Medication Code
197319,197319,Allopurinol 100 MG Oral Tablet,,Healthcare_Data >> Medication Code
197361,197361,Amlodipine 5 MG Oral Tablet,,Healthcare_Data >> Medication Code
197378,197378,Astemizole 10 MG Oral Tablet,,Healthcare_Data >> Medication Code
197541,197541,Colchicine 0.6 MG Oral Tablet,,Healthcare_Data >> Medication Code
197591,197591,Diazepam 5 MG Oral Tablet,,Healthcare_Data >> Medication Code
197604,197604,Digoxin 0.125 MG Oral Tablet,,Healthcare_Data >> Medication Code
198014,198014,Naproxen 500 MG Oral Tablet,,Healthcare_Data >> Medication Code
198031,198031,24hr nicotine transdermal patch,,Healthcare_Data >> Medication Code
198240,198240,Tamoxifen 10 MG Oral Tablet,,Healthcare_Data >> Medication Code
198405,198405,Ibuprofen 100 MG Oral Tablet,,Healthcare_Data >> Medication Code
204892,204892,clonazePAM 0.25 MG Oral Tablet,,Healthcare_Data >> Medication Code
205923,205923,1 ML Epoetin Alfa 4000 UNT/ML Injection [Epogen],,Healthcare_Data >> Medication Code
235389,235389,Mestranol / Norethynodrel [Enovid],,Healthcare_Data >> Medication Code
241834,241834,cycloSPORINE  modified 100 MG Oral Capsule,,Healthcare_Data >> Medication Code
243670,243670,Aspirin 81 MG Oral Tablet,,Healthcare_Data >> Medication Code
259255,259255,Atorvastatin 80 MG Oral Tablet,,Healthcare_Data >> Medication Code
308182,308182,Amoxicillin 250 MG Oral Capsule,,Healthcare_Data >> Medication Code
308192,308192,Amoxicillin 500 MG Oral Tablet,,Healthcare_Data >> Medication Code
308971,308971,Carbamazepine[Tegretol],,Healthcare_Data >> Medication Code
309043,309043,12 HR Cefaclor 500 MG Extended Release Oral Tablet,,Healthcare_Data >> Medication Code
309045,309045,Cefaclor 250 MG Oral Capsule,,Healthcare_Data >> Medication Code
309097,309097,Cefuroxime 250 MG Oral Tablet,,Healthcare_Data >> Medication Code
309362,309362,Clopidogrel 75 MG Oral Tablet,,Healthcare_Data >> Medication Code
310261,310261,exemestane 25 MG Oral Tablet,,Healthcare_Data >> Medication Code
310325,310325,ferrous sulfate 325 MG Oral Tablet,,Healthcare_Data >> Medication Code
310385,310385,FLUoxetine 20 MG Oral Capsule,,Healthcare_Data >> Medication Code
310436,310436,Galantamine 4 MG Oral Tablet,,Healthcare_Data >> Medication Code
310798,310798,Hydrochlorothiazide 25 MG Oral Tablet,,Healthcare_Data >> Medication Code
310965,310965,Ibuprofen 200 MG Oral Tablet,,Healthcare_Data >> Medication Code
311372,311372,Loratadine 10 MG Oral Tablet,,Healthcare_Data >> Medication Code
311989,311989,Nitrofurantoin 5 MG/ML Oral Suspension,,Healthcare_Data >> Medication Code
311995,311995,NITROFURANTOIN  MACROCRYSTALS 50 MG Oral Capsule,,Healthcare_Data >> Medication Code
312617,312617,predniSONE 5 MG Oral Tablet,,Healthcare_Data >> Medication Code
312938,312938,Sertraline 100 MG Oral Tablet,,Healthcare_Data >> Medication Code
312961,312961,Simvastatin 20 MG Oral Tablet,,Healthcare_Data >> Medication Code
313185,313185,Tacrine 10 MG Oral Capsule,,Healthcare_Data >> Medication Code
313782,313782,Acetaminophen 325 MG Oral Tablet,,Healthcare_Data >> Medication Code
313820,313820,Acetaminophen 160 MG Chewable Tablet,,Healthcare_Data >> Medication Code
313988,313988,Furosemide 40 MG Oral Tablet,,Healthcare_Data >> Medication Code
314231,314231,Simvastatin 10 MG Oral Tablet,,Healthcare_Data >> Medication Code
389221,389221,Etonogestrel 68 MG Drug Implant,,Healthcare_Data >> Medication Code
429503,429503,Hydrochlorothiazide 12.5 MG,,Healthcare_Data >> Medication Code
477045,477045,Chlorpheniramine Maleate 2 MG/ML Oral Solution,,Healthcare_Data >> Medication Code
483438,483438,pregabalin 100 MG Oral Capsule,,Healthcare_Data >> Medication Code
562251,562251,Amoxicillin 250 MG / Clavulanate 125 MG Oral Tablet,,Healthcare_Data >> Medication Code
583214,583214,Paclitaxel 100 MG Injection,,Healthcare_Data >> Medication Code
608139,608139,atomoxetine 100 MG Oral Capsule,,Healthcare_Data >> Medication Code
665078,665078,Loratadine 5 MG Chewable Tablet,,Healthcare_Data >> Medication Code
705129,705129,Nitroglycerin 0.4 MG/ACTUAT Mucosal Spray,,Healthcare_Data >> Medication Code
727762,727762,5 ML fulvestrant 50 MG/ML Prefilled Syringe,,Healthcare_Data >> Medication Code
746030,746030,Atenolol 50 MG / Chlorthalidone 25 MG Oral Tablet,,Healthcare_Data >> Medication Code
748856,748856,Yaz 28 Day Pack,,Healthcare_Data >> Medication Code
748879,748879,Levora 0.15/30 28 Day Pack,,Healthcare_Data >> Medication Code
748962,748962,Camila 28 Day Pack,,Healthcare_Data >> Medication Code
749762,749762,Seasonique 91 Day Pack,,Healthcare_Data >> Medication Code
749785,749785,Ortho Tri-Cyclen 28 Day Pack,,Healthcare_Data >> Medication Code
749882,749882,Norinyl 1+50 28 Day Pack,,Healthcare_Data >> Medication Code
751905,751905,Trinessa 28 Day Pack,,Healthcare_Data >> Medication Code
752899,752899,0.25 ML Leuprolide Acetate 30 MG/ML Prefilled Syringe,,Healthcare_Data >> Medication Code
757594,757594,Jolivette 28 Day Pack,,Healthcare_Data >> Medication Code
789980,789980,Ampicillin 100 MG/ML Injectable Solution,,Healthcare_Data >> Medication Code
807283,807283,Mirena 52 MG Intrauterine System,,Healthcare_Data >> Medication Code
831533,831533,Errin 28 Day Pack,,Healthcare_Data >> Medication Code
833036,833036,Captopril 25 MG Oral Tablet,,Healthcare_Data >> Medication Code
834061,834061,Penicillin V Potassium 250 MG Oral Tablet,,Healthcare_Data >> Medication Code
834102,834102,Penicillin V Potassium 500 MG Oral Tablet,,Healthcare_Data >> Medication Code
834357,834357,3 ML Amiodarone hydrocholoride 50 MG/ML Prefilled Syringe,,Healthcare_Data >> Medication Code
849574,849574,Naproxen sodium 220 MG Oral Tablet,,Healthcare_Data >> Medication Code
855332,855332,Warfarin Sodium 5 MG Oral Tablet,,Healthcare_Data >> Medication Code
856980,856980,Acetaminophen/Hydrocodone,,Healthcare_Data >> Medication Code
856987,856987,Acetaminophen 300 MG / HYDROcodone Bitartrate 5 MG Oral Tablet,,Healthcare_Data >> Medication Code
857005,857005,Acetaminophen 325 MG / HYDROcodone Bitartrate 7.5 MG Oral Tablet,,Healthcare_Data >> Medication Code
860975,860975,24 HR Metformin hydrochloride 500 MG Extended Release Oral Tablet,,Healthcare_Data >> Medication Code
861467,861467,Meperidine Hydrochloride 50 MG Oral Tablet,,Healthcare_Data >> Medication Code
865098,865098,Insulin Lispro 100 UNT/ML Injectable Solution [Humalog],,Healthcare_Data >> Medication Code
866414,866414,24 HR metoprolol succinate 100 MG Extended Release Oral Tablet [Toprol],,Healthcare_Data >> Medication Code
895994,895994,120 ACTUAT Fluticasone propionate 0.044 MG/ACTUAT Metered Dose Inhaler,,Healthcare_Data >> Medication Code
896209,896209,60 ACTUAT Fluticasone propionate 0.25 MG/ACTUAT / salmeterol 0.05 MG/ACTUAT Dry Powder Inhaler,,Healthcare_Data >> Medication Code
897718,897718,Verapamil Hydrochloride 40 MG,,Healthcare_Data >> Medication Code
904419,904419,Alendronic acid 10 MG Oral Tablet,,Healthcare_Data >> Medication Code
966222,966222,Levothyroxine Sodium 0.075 MG Oral Tablet,,Healthcare_Data >> Medication Code
978950,978950,Natazia 28 Day Pack,,Healthcare_Data >> Medication Code
996740,996740,Memantine hydrochloride 2 MG/ML Oral Solution,,Healthcare_Data >> Medication Code
997223,997223,Donepezil hydrochloride 10 MG Oral Tablet,,Healthcare_Data >> Medication Code
997488,997488,Fexofenadine hydrochloride 30 MG Oral Tablet,,Healthcare_Data >> Medication Code
997501,997501,Fexofenadine hydrochloride 60 MG Oral Tablet,,Healthcare_Data >> Medication Code
999967,999967,amLODIPine 5 MG / Hydrochlorothiazide 12.5 MG / Olmesartan medoxomil 20 MG Oral Tablet,,Healthcare_Data >> Medication Code
1000126,1000126,1 ML medroxyPROGESTERone acetate 150 MG/ML Injection,,Healthcare_Data >> Medication Code
1014676,1014676,cetirizine hydrochloride 5 MG Oral Tablet,,Healthcare_Data >> Medication Code
1014678,1014678,cetirizine hydrochloride 10 MG Oral Tablet,,Healthcare_Data >> Medication Code
1043400,1043400,Acetaminophen 21.7 MG/ML / Dextromethorphan Hydrobromide 1 MG/ML / doxylamine succinate 0.417 MG/ML Oral Solution,,Healthcare_Data >> Medication Code
1049221,1049221,Acetaminophen 325 MG / Oxycodone Hydrochloride 5 MG Oral Tablet,,Healthcare_Data >> Medication Code
1049630,1049630,diphenhydrAMINE Hydrochloride 25 MG Oral Tablet,,Healthcare_Data >> Medication Code
1091392,1091392,Methylphenidate Hydrochloride 20 MG Oral Tablet,,Healthcare_Data >> Medication Code
1094107,1094107,Phenazopyridine hydrochloride 100 MG Oral Tablet,,Healthcare_Data >> Medication Code
1100184,1100184,Donepezil hydrochloride 23 MG Oral Tablet,,Healthcare_Data >> Medication Code
1114085,1114085,100 ML zoledronic acid 0.04 MG/ML Injection,,Healthcare_Data >> Medication Code
1190795,1190795,Atropine Sulfate 1 MG/ML Injectable Solution,,Healthcare_Data >> Medication Code
1359133,1359133,Estrostep Fe 28 Day Pack,,Healthcare_Data >> Medication Code
1363309,1363309,Chlorpheniramine Maleate 4 MG Oral Tablet,,Healthcare_Data >> Medication Code
1367439,1367439,NuvaRing 0.12/0.015 MG per 24HR 21 Day Vaginal Ring,,Healthcare_Data >> Medication Code
1534809,1534809,168 HR Ethinyl Estradiol 0.00146 MG/HR / norelgestromin 0.00625 MG/HR Transdermal System,,Healthcare_Data >> Medication Code
1599803,1599803,24 HR Donepezil hydrochloride 10 MG / Memantine hydrochloride 28 MG Extended Release Oral Capsule,,Healthcare_Data >> Medication Code
1601380,1601380,palbociclib 100 MG Oral Capsule,,Healthcare_Data >> Medication Code
1605257,1605257,Liletta 52 MG Intrauterine System,,Healthcare_Data >> Medication Code
1650142,1650142,Doxycycline Monohydrate 100 MG Oral Tablet,,Healthcare_Data >> Medication Code
1652673,1652673,Doxycycline Monohydrate 50 MG Oral Tablet,,Healthcare_Data >> Medication Code
1660014,1660014,1 ML Epinephrine 1 MG/ML Injection,,Healthcare_Data >> Medication Code
1719286,1719286,10 ML Furosemide 10 MG/ML Injection,,Healthcare_Data >> Medication Code
1732186,1732186,100 ML Epirubicin Hydrochloride 2 MG/ML Injection,,Healthcare_Data >> Medication Code
1734340,1734340,Etoposide 100 MG Injection,,Healthcare_Data >> Medication Code
1734919,1734919,Cyclophosphamide 1000 MG Injection,,Healthcare_Data >> Medication Code
1736776,1736776,10 ML oxaliplatin 5 MG/ML Injection,,Healthcare_Data >> Medication Code
1736854,1736854,Cisplatin 50 MG Injection,,Healthcare_Data >> Medication Code
1790099,1790099,10 ML Doxorubicin Hydrochloride 2 MG/ML Injection,,Healthcare_Data >> Medication Code
1803932,1803932,Leucovorin 100 MG Injection,,Healthcare_Data >> Medication Code
1804799,1804799,Alteplase 100 MG Injection,,Healthcare_Data >> Medication Code
1856546,1856546,Kyleena 19.5 MG Intrauterine System,,Healthcare_Data >> Medication Code
1860154,1860154,Abuse-Deterrent 12 HR Oxycodone Hydrochloride 15 MG Extended Release Oral Tablet,,Healthcare_Data >> Medication Code
1860480,1860480,1 ML DOCEtaxel 20 MG/ML Injection,,Healthcare_Data >> Medication Code
1870230,1870230,NDA020800 0.3 ML Epinephrine 1 MG/ML Auto-Injector,,Healthcare_Data >> Medication Code
1873983,1873983,ribociclib 200 MG Oral Tablet,,Healthcare_Data >> Medication Code
1940648,1940648,neratinib 40 MG Oral Tablet,,Healthcare_Data >> Medication Code
2001499,2001499,Vitamin B 12 5 MG/ML Injectable Solution,,Healthcare_Data >> Medication Code
2119714,2119714,5 ML hyaluronidase-oysk 2000 UNT/ML / trastuzumab 120 MG/ML Injection,,Healthcare_Data >> Medication Code
2123111,2123111,NDA020503 200 ACTUAT Albuterol 0.09 MG/ACTUAT Metered Dose Inhaler,,Healthcare_Data >> Medication Code