﻿code,value,description,parent,related terms
10230-1,10230-1,Left ventricular Ejection fraction,,Healthcare_Data >> Observation Code
10480-2,10480-2,Estrogen+Progesterone receptor Ag [Presence] in Tissue by Immune stain,,Healthcare_Data >> Observation Code
10834-0,10834-0,Globulin [Mass/volume] in Serum by calculation,,Healthcare_Data >> Observation Code
14959-1,14959-1,Microalbumin Creatinine Ratio,,Healthcare_Data >> Observation Code
1742-6,1742-6,Alanine aminotransferase [Enzymatic activity/volume] in Serum or Plasma,,Healthcare_Data >> Observation Code
1751-7,1751-7,Albumin [Mass/volume] in Serum or Plasma,,Healthcare_Data >> Observation Code
18262-6,18262-6,Low Density Lipoprotein Cholesterol,,Healthcare_Data >> Observation Code
1920-8,1920-8,Aspartate aminotransferase [Enzymatic activity/volume] in Serum or Plasma,,Healthcare_Data >> Observation Code
1975-2,1975-2,Bilirubin.total [Mass/volume] in Serum or Plasma,,Healthcare_Data >> Observation Code
19926-5,19926-5,FEV1/FVC,,Healthcare_Data >> Observation Code
20454-5,20454-5,Protein [Presence] in Urine by Test strip,,Healthcare_Data >> Observation Code
20505-4,20505-4,Bilirubin.total [Mass/volume] in Urine by Test strip,,Healthcare_Data >> Observation Code
20565-8,20565-8,Carbon Dioxide,,Healthcare_Data >> Observation Code
20570-8,20570-8,Hematocrit [Volume Fraction] of Blood,,Healthcare_Data >> Observation Code
2069-3,2069-3,Chloride,,Healthcare_Data >> Observation Code
2085-9,2085-9,High Density Lipoprotein Cholesterol,,Healthcare_Data >> Observation Code
2093-3,2093-3,Total Cholesterol,,Healthcare_Data >> Observation Code
21000-5,21000-5,Erythrocyte distribution width [Entitic volume] by Automated count,,Healthcare_Data >> Observation Code
21905-5,21905-5,Primary tumor.clinical [Class] Cancer,,Healthcare_Data >> Observation Code
21906-3,21906-3,Regional lymph nodes.clinical [Class] Cancer,,Healthcare_Data >> Observation Code
21907-1,21907-1,Distant metastases.clinical [Class] Cancer,,Healthcare_Data >> Observation Code
21908-9,21908-9,Stage group.clinical Cancer,,Healthcare_Data >> Observation Code
21924-6,21924-6,Tumor marker Cancer,,Healthcare_Data >> Observation Code
2339-0,2339-0,Glucose,,Healthcare_Data >> Observation Code
2514-8,2514-8,Ketones [Presence] in Urine by Test strip,,Healthcare_Data >> Observation Code
25428-4,25428-4,Glucose [Presence] in Urine by Test strip,,Healthcare_Data >> Observation Code
2571-8,2571-8,Triglycerides,,Healthcare_Data >> Observation Code
2708-6,2708-6,Oxygen saturation in Arterial blood,,Healthcare_Data >> Observation Code
28245-9,28245-9,Abuse Status [OMAHA],,Healthcare_Data >> Observation Code
2857-1,2857-1,Prostate specific Ag [Mass/volume] in Serum or Plasma,,Healthcare_Data >> Observation Code
2885-2,2885-2,Protein [Mass/volume] in Serum or Plasma,,Healthcare_Data >> Observation Code
29463-7,29463-7,Body Weight,,Healthcare_Data >> Observation Code
2947-0,2947-0,Sodium,,Healthcare_Data >> Observation Code
3016-3,3016-3,Thyrotropin [Units/volume] in Serum or Plasma,,Healthcare_Data >> Observation Code
3024-7,3024-7,Thyroxine (T4) free [Mass/volume] in Serum or Plasma,,Healthcare_Data >> Observation Code
32167-9,32167-9,Clarity of Urine,,Healthcare_Data >> Observation Code
32207-3,32207-3,Platelet distribution width [Entitic volume] in Blood by Automated count,,Healthcare_Data >> Observation Code
32465-7,32465-7,Physical findings of Prostate,,Healthcare_Data >> Observation Code
32623-1,32623-1,Platelet mean volume [Entitic volume] in Blood by Automated count,,Healthcare_Data >> Observation Code
33728-7,33728-7,Size.maximum dimension in Tumor,,Healthcare_Data >> Observation Code
33756-8,33756-8,Polyp size greatest dimension by CAP cancer protocols,,Healthcare_Data >> Observation Code
33762-6,33762-6,NT-proBNP,,Healthcare_Data >> Observation Code
33914-3,33914-3,Estimated Glomerular Filtration Rate,,Healthcare_Data >> Observation Code
38265-5,38265-5,DXA [T-score] Bone density,,Healthcare_Data >> Observation Code
38483-4,38483-4,Creatinine,,Healthcare_Data >> Observation Code
39156-5,39156-5,Body Mass Index,,Healthcare_Data >> Observation Code
44667-4,44667-4,Site of distant metastasis in Breast tumor,,Healthcare_Data >> Observation Code
4544-3,4544-3,Hematocrit [Volume Fraction] of Blood by Automated count,,Healthcare_Data >> Observation Code
4548-4,4548-4,Hemoglobin A1c/Hemoglobin.total in Blood,,Healthcare_Data >> Observation Code
46240-8,46240-8,History of Hospitalizations+Outpatient visits,,Healthcare_Data >> Observation Code
46288-7,46288-7,US Guidance for biopsy of Prostate,,Healthcare_Data >> Observation Code
49765-1,49765-1,Calcium,,Healthcare_Data >> Observation Code
55277-8,55277-8,HIV status,,Healthcare_Data >> Observation Code
5767-9,5767-9,Appearance of Urine,,Healthcare_Data >> Observation Code
5770-3,5770-3,Bilirubin.total [Presence] in Urine by Test strip,,Healthcare_Data >> Observation Code
5778-6,5778-6,Color of Urine,,Healthcare_Data >> Observation Code
57905-2,57905-2,Hemoglobin.gastrointestinal [Presence] in Stool by Immunologic method,,Healthcare_Data >> Observation Code
5792-7,5792-7,Glucose [Mass/volume] in Urine by Test strip,,Healthcare_Data >> Observation Code
5794-3,5794-3,Hemoglobin [Presence] in Urine by Test strip,,Healthcare_Data >> Observation Code
5797-6,5797-6,Ketones [Mass/volume] in Urine by Test strip,,Healthcare_Data >> Observation Code
5799-2,5799-2,Leukocyte esterase [Presence] in Urine by Test strip,,Healthcare_Data >> Observation Code
5802-4,5802-4,Nitrite [Presence] in Urine by Test strip,,Healthcare_Data >> Observation Code
5803-2,5803-2,pH of Urine by Test strip,,Healthcare_Data >> Observation Code
5804-0,5804-0,Protein [Mass/volume] in Urine by Test strip,,Healthcare_Data >> Observation Code
5811-5,5811-5,Specific gravity of Urine by Test strip,,Healthcare_Data >> Observation Code
59557-9,59557-9,Treatment status Cancer,,Healthcare_Data >> Observation Code
59576-9,59576-9,Body mass index (BMI) [Percentile] Per age and gender,,Healthcare_Data >> Observation Code
6075-6,6075-6,Cladosporium herbarum IgE Ab in Serum,,Healthcare_Data >> Observation Code
6082-2,6082-2,Codfish IgE Ab in Serum,,Healthcare_Data >> Observation Code
6085-5,6085-5,Common Ragweed IgE Ab in Serum,,Healthcare_Data >> Observation Code
6095-4,6095-4,American house dust mite IgE Ab in Serum,,Healthcare_Data >> Observation Code
6106-9,6106-9,Egg white IgE Ab in Serum,,Healthcare_Data >> Observation Code
6158-0,6158-0,Latex IgE Ab in Serum,,Healthcare_Data >> Observation Code
6189-5,6189-5,White oak IgE Ab in Serum,,Healthcare_Data >> Observation Code
6206-7,6206-7,Peanut IgE Ab in Serum,,Healthcare_Data >> Observation Code
6246-3,6246-3,Shrimp IgE Ab in Serum,,Healthcare_Data >> Observation Code
6248-9,6248-9,Soybean IgE Ab in Serum,,Healthcare_Data >> Observation Code
6273-7,6273-7,Walnut IgE Ab in Serum,,Healthcare_Data >> Observation Code
6276-0,6276-0,Wheat IgE Ab in Serum,,Healthcare_Data >> Observation Code
6298-4,6298-4,Potassium,,Healthcare_Data >> Observation Code
6299-2,6299-2,Urea Nitrogen,,Healthcare_Data >> Observation Code
63513-6,63513-6,Are you covered by health insurance or some other kind of health care plan [PhenX],,Healthcare_Data >> Observation Code
66519-0,66519-0,Percentage area affected by eczema Head and Neck,,Healthcare_Data >> Observation Code
66524-0,66524-0,Percentage area affected by eczema Upper extremitiy - bilateral,,Healthcare_Data >> Observation Code
66529-9,66529-9,Percentage area affected by eczema Trunk,,Healthcare_Data >> Observation Code
66534-9,66534-9,Percentage area affected by eczema Lower extremitiy - bilateral,,Healthcare_Data >> Observation Code
6690-2,6690-2,Leukocytes [#/volume] in Blood by Automated count,,Healthcare_Data >> Observation Code
6768-6,6768-6,Alkaline phosphatase [Enzymatic activity/volume] in Serum or Plasma,,Healthcare_Data >> Observation Code
6833-8,6833-8,Cat dander IgE Ab in Serum,,Healthcare_Data >> Observation Code
6844-5,6844-5,Honey bee IgE Ab in Serum,,Healthcare_Data >> Observation Code
69453-9,69453-9,Cause of Death [US Standard Certificate of Death],,Healthcare_Data >> Observation Code
718-7,718-7,Hemoglobin [Mass/volume] in Blood,,Healthcare_Data >> Observation Code
71802-3,71802-3,Housing status,,Healthcare_Data >> Observation Code
72106-8,72106-8,Total score [MMSE],,Healthcare_Data >> Observation Code
72166-2,72166-2,Tobacco smoking status NHIS,,Healthcare_Data >> Observation Code
72514-3,72514-3,Pain severity - 0-10 verbal numeric rating [Score] - Reported,,Healthcare_Data >> Observation Code
7258-7,7258-7,Cow milk IgE Ab in Serum,,Healthcare_Data >> Observation Code
74006-8,74006-8,Weight difference [Mass difference] --pre dialysis - post dialysis,,Healthcare_Data >> Observation Code
75443-2,75443-2,Mental health Outpatient Note,,Healthcare_Data >> Observation Code
76690-7,76690-7,Sexual orientation,,Healthcare_Data >> Observation Code
77606-2,77606-2,Weight-for-length Per age and sex,,Healthcare_Data >> Observation Code
777-3,777-3,Platelets [#/volume] in Blood by Automated count,,Healthcare_Data >> Observation Code
785-6,785-6,MCH [Entitic mass] by Automated count,,Healthcare_Data >> Observation Code
786-4,786-4,MCHC [Mass/volume] by Automated count,,Healthcare_Data >> Observation Code
787-2,787-2,MCV [Entitic volume] by Automated count,,Healthcare_Data >> Observation Code
789-8,789-8,Erythrocytes [#/volume] in Blood by Automated count,,Healthcare_Data >> Observation Code
8302-2,8302-2,Body Height,,Healthcare_Data >> Observation Code
8310-5,8310-5,Body temperature,,Healthcare_Data >> Observation Code
8462-4,8462-4,Diastolic Blood Pressure,,Healthcare_Data >> Observation Code
8480-6,8480-6,Systolic Blood Pressure,,Healthcare_Data >> Observation Code
85318-4,85318-4,HER2 [Presence] in Breast cancer specimen by FISH,,Healthcare_Data >> Observation Code
85319-2,85319-2,HER2 [Presence] in Breast cancer specimen by Immune stain,,Healthcare_Data >> Observation Code
85337-4,85337-4,Estrogen receptor Ag [Presence] in Breast cancer specimen by Immune stain,,Healthcare_Data >> Observation Code
85339-0,85339-0,Progesterone receptor Ag [Presence] in Breast cancer specimen by Immune stain,,Healthcare_Data >> Observation Code
85343-2,85343-2,Lymph nodes with macrometastases [#] in Cancer specimen by Light microscopy,,Healthcare_Data >> Observation Code
85344-0,85344-0,Lymph nodes with micrometastases [#] in Cancer specimen by Light microscopy,,Healthcare_Data >> Observation Code
85352-3,85352-3,Lymph nodes with isolated tumor cells [#] in Cancer specimen by Light microscopy,,Healthcare_Data >> Observation Code
88040-1,88040-1,Response to cancer treatment,,Healthcare_Data >> Observation Code
8867-4,8867-4,Heart rate,,Healthcare_Data >> Observation Code
9279-1,9279-1,Respiratory rate,,Healthcare_Data >> Observation Code
9843-4,9843-4,Head Occipital-frontal circumference,,Healthcare_Data >> Observation Code
DALY,DALY,DALY,,Healthcare_Data >> Observation Code
QALY,QALY,QALY,,Healthcare_Data >> Observation Code
QOLS,QOLS,QOLS,,Healthcare_Data >> Observation Code