code,value,description,parent,related terms
1225002,1225002,Upper arm X-ray,,Healthcare_Data >> Procedure Code
5880005,5880005,Physical examination,,Healthcare_Data >> Procedure Code
10383002,10383002,Counseling for termination of pregnancy,,Healthcare_Data >> Procedure Code
11466000,11466000,Cesarean section,,Healthcare_Data >> Procedure Code
14768001,14768001,Peripheral blood smear interpretation,,Healthcare_Data >> Procedure Code
15081005,15081005,Pulmonary rehabilitation (regime/therapy),,Healthcare_Data >> Procedure Code
18286008,18286008,Catheter ablation of tissue of heart,,Healthcare_Data >> Procedure Code
18946005,18946005,Epidural anesthesia,,Healthcare_Data >> Procedure Code
19490002,19490002,Ankle X-ray,,Healthcare_Data >> Procedure Code
22523008,22523008,Vasectomy,,Healthcare_Data >> Procedure Code
23426006,23426006,Measurement of respiratory function (procedure),,Healthcare_Data >> Procedure Code
24623002,24623002,Screening mammography (procedure),,Healthcare_Data >> Procedure Code
28163009,28163009,Skin test for tuberculosis,,Healthcare_Data >> Procedure Code
31208007,31208007,Medical induction of labor,,Healthcare_Data >> Procedure Code
31676001,31676001,Human immunodeficiency virus antigen test,,Healthcare_Data >> Procedure Code
33195004,33195004,Teleradiotherapy procedure (procedure),,Healthcare_Data >> Procedure Code
35025007,35025007,Manual pelvic examination (procedure),,Healthcare_Data >> Procedure Code
40701008,40701008,Echocardiography (procedure),,Healthcare_Data >> Procedure Code
43060002,43060002,Intravenous injection (procedure),,Healthcare_Data >> Procedure Code
43075005,43075005,Partial resection of colon,,Healthcare_Data >> Procedure Code
44608003,44608003,Blood typing  RH typing,,Healthcare_Data >> Procedure Code
46706006,46706006,Replacement of contraceptive intrauterine device,,Healthcare_Data >> Procedure Code
47758006,47758006,Hepatitis B Surface Antigen Measurement,,Healthcare_Data >> Procedure Code
51116004,51116004,RhD passive immunization,,Healthcare_Data >> Procedure Code
54550000,54550000,Seizure Count Cerebral Cortex Electroencephalogram (EEG),,Healthcare_Data >> Procedure Code
60027007,60027007,X-ray or wrist,,Healthcare_Data >> Procedure Code
65200003,65200003,Insertion of intrauterine contraceptive device,,Healthcare_Data >> Procedure Code
65546002,65546002,Extraction of wisdom tooth,,Healthcare_Data >> Procedure Code
65575008,65575008,Biopsy of prostate,,Healthcare_Data >> Procedure Code
65588006,65588006,Premature birth of newborn,,Healthcare_Data >> Procedure Code
66348005,66348005,Childbirth,,Healthcare_Data >> Procedure Code
68254000,68254000,Removal of intrauterine device,,Healthcare_Data >> Procedure Code
69031006,69031006,Excision of breast tissue (procedure),,Healthcare_Data >> Procedure Code
71651007,71651007,Mammography (procedure),,Healthcare_Data >> Procedure Code
73761001,73761001,Colonoscopy,,Healthcare_Data >> Procedure Code
74016001,74016001,Knee X-ray,,Healthcare_Data >> Procedure Code
76164006,76164006,Biopsy of colon,,Healthcare_Data >> Procedure Code
76601001,76601001,Intramuscular injection,,Healthcare_Data >> Procedure Code
80146002,80146002,Appendectomy,,Healthcare_Data >> Procedure Code
85548006,85548006,Episiotomy,,Healthcare_Data >> Procedure Code
88039007,88039007,Transplant of lung (procedure),,Healthcare_Data >> Procedure Code
90226004,90226004,Cytopathology procedure  preparation of smear  genital source,,Healthcare_Data >> Procedure Code
90470006,90470006,Prostatectomy,,Healthcare_Data >> Procedure Code
91602002,91602002,Thoracentesis (procedure),,Healthcare_Data >> Procedure Code
104091002,104091002,Hemoglobin / Hematocrit / Platelet count,,Healthcare_Data >> Procedure Code
104326007,104326007,Measurement of Varicella-zoster virus antibody,,Healthcare_Data >> Procedure Code
104375008,104375008,Hepatitis C antibody test,,Healthcare_Data >> Procedure Code
104435004,104435004,Screening for occult blood in feces (procedure),,Healthcare_Data >> Procedure Code
108290001,108290001,Radiation oncology AND/OR radiotherapy (procedure),,Healthcare_Data >> Procedure Code
112790001,112790001,Nasal sinus endoscopy (procedure),,Healthcare_Data >> Procedure Code
117010004,117010004,Urine culture,,Healthcare_Data >> Procedure Code
117015009,117015009,Throat culture (procedure),,Healthcare_Data >> Procedure Code
118001005,118001005,Streptococcus pneumoniae group B antigen test,,Healthcare_Data >> Procedure Code
122548005,122548005,Biopsy of breast (procedure),,Healthcare_Data >> Procedure Code
127783003,127783003,Spirometry (procedure),,Healthcare_Data >> Procedure Code
162676008,162676008,Brief general examination (procedure),,Healthcare_Data >> Procedure Code
165829005,165829005,Gonorrhea infection test,,Healthcare_Data >> Procedure Code
167271000,167271000,Urine protein test,,Healthcare_Data >> Procedure Code
167995008,167995008,Sputum microscopy (procedure),,Healthcare_Data >> Procedure Code
168594001,168594001,Clavicle X-ray,,Healthcare_Data >> Procedure Code
169230002,169230002,Ultrasound scan for fetal viability,,Healthcare_Data >> Procedure Code
169553002,169553002,Insertion of subcutaneous contraceptive,,Healthcare_Data >> Procedure Code
169673001,169673001,Antenatal RhD antibody screening,,Healthcare_Data >> Procedure Code
169690007,169690007,Rubella screening,,Healthcare_Data >> Procedure Code
171207006,171207006,Depression screening,,Healthcare_Data >> Procedure Code
171231001,171231001,Asthma screening,,Healthcare_Data >> Procedure Code
173160006,173160006,Diagnostic fiberoptic bronchoscopy (procedure),,Healthcare_Data >> Procedure Code
177157003,177157003,Spontaneous breech delivery,,Healthcare_Data >> Procedure Code
180207008,180207008,Intravenous blood transfusion of packed cells (procedure),,Healthcare_Data >> Procedure Code
180256009,180256009,Subcutaneous immunotherapy,,Healthcare_Data >> Procedure Code
180325003,180325003,Electrical cardioversion,,Healthcare_Data >> Procedure Code
183856001,183856001,Referral to hypertension clinic,,Healthcare_Data >> Procedure Code
225158009,225158009,Auscultation of the fetal heart,,Healthcare_Data >> Procedure Code
228557008,228557008,Cognitive and behavioral therapy,,Healthcare_Data >> Procedure Code
232717009,232717009,Coronary artery bypass grafting,,Healthcare_Data >> Procedure Code
234262008,234262008,Excision of axillary lymph node (procedure),,Healthcare_Data >> Procedure Code
236931002,236931002,Methotrexate injection into tubal pregnancy,,Healthcare_Data >> Procedure Code
236974004,236974004,Instrumental delivery,,Healthcare_Data >> Procedure Code
237001001,237001001,Augmentation of labor,,Healthcare_Data >> Procedure Code
241055006,241055006,Mammogram - symptomatic (procedure),,Healthcare_Data >> Procedure Code
241615005,241615005,Magnetic resonance imaging of breast (procedure),,Healthcare_Data >> Procedure Code
252160004,252160004,Standard pregnancy test,,Healthcare_Data >> Procedure Code
265764009,265764009,Renal dialysis (procedure),,Healthcare_Data >> Procedure Code
268425006,268425006,Pelvis X-ray,,Healthcare_Data >> Procedure Code
268556000,268556000,Urine screening for glucose,,Healthcare_Data >> Procedure Code
269828009,269828009,Syphilis infection test,,Healthcare_Data >> Procedure Code
269911007,269911007,Sputum examination (procedure),,Healthcare_Data >> Procedure Code
271442007,271442007,Fetal anatomy study,,Healthcare_Data >> Procedure Code
274031008,274031008,Rectal polypectomy,,Healthcare_Data >> Procedure Code
274474001,274474001,Bone immobilization,,Healthcare_Data >> Procedure Code
274804006,274804006,Evaluation of uterine fundal height,,Healthcare_Data >> Procedure Code
275833003,275833003,Alpha-fetoprotein test,,Healthcare_Data >> Procedure Code
287664005,287664005,Bilateral tubal ligation,,Healthcare_Data >> Procedure Code
288086009,288086009,Suture open wound,,Healthcare_Data >> Procedure Code
301807007,301807007,Removal of subcutaneous contraceptive,,Healthcare_Data >> Procedure Code
305428000,305428000,Admission to orthopedic department,,Healthcare_Data >> Procedure Code
305433001,305433001,Admission to trauma surgery department,,Healthcare_Data >> Procedure Code
310861008,310861008,Chlamydia antigen test,,Healthcare_Data >> Procedure Code
311791003,311791003,Information gathering (procedure),,Healthcare_Data >> Procedure Code
312681000,312681000,Bone density scan (procedure),,Healthcare_Data >> Procedure Code
313191000,313191000,Injection of adrenaline,,Healthcare_Data >> Procedure Code
367336001,367336001,Chemotherapy (procedure),,Healthcare_Data >> Procedure Code
384700001,384700001,Injection of tetanus antitoxin,,Healthcare_Data >> Procedure Code
385798007,385798007,Radiation therapy care (regime/therapy),,Healthcare_Data >> Procedure Code
386394001,386394001,Pregnancy termination care,,Healthcare_Data >> Procedure Code
387607004,387607004,Construction of diverting colostomy,,Healthcare_Data >> Procedure Code
387685009,387685009,Surgical manipulation of shoulder joint,,Healthcare_Data >> Procedure Code
392021009,392021009,Lumpectomy of breast (procedure),,Healthcare_Data >> Procedure Code
395123002,395123002,Urine screening test for diabetes,,Healthcare_Data >> Procedure Code
395142003,395142003,Allergy screening test,,Healthcare_Data >> Procedure Code
396487001,396487001,Sentinel lymph node biopsy (procedure),,Healthcare_Data >> Procedure Code
398171003,398171003,Hearing examination (procedure),,Healthcare_Data >> Procedure Code
399014008,399014008,Vaccination for diphtheria  pertussis  and tetanus,,Healthcare_Data >> Procedure Code
399208008,399208008,Plain chest X-ray (procedure),,Healthcare_Data >> Procedure Code
410006001,410006001,Digital examination of rectum,,Healthcare_Data >> Procedure Code
415070008,415070008,Percutaneous coronary intervention,,Healthcare_Data >> Procedure Code
415300000,415300000,Review of systems (procedure),,Healthcare_Data >> Procedure Code
418891003,418891003,Computed tomography of chest and abdomen,,Healthcare_Data >> Procedure Code
430193006,430193006,Medication Reconciliation (procedure),,Healthcare_Data >> Procedure Code
432231006,432231006,Fine needle aspiration biopsy of lung (procedure),,Healthcare_Data >> Procedure Code
433112001,433112001,Percutaneous mechanical thrombectomy of portal vein using fluoroscopic guidance,,Healthcare_Data >> Procedure Code
433114000,433114000,Human epidermal growth factor receptor 2 gene detection by immunohistochemistry (procedure),,Healthcare_Data >> Procedure Code
433236007,433236007,Transthoracic echocardiography,,Healthcare_Data >> Procedure Code
434158009,434158009,Transthoracic three dimensional ultrasonography of heart (procedure),,Healthcare_Data >> Procedure Code
434363004,434363004,Human epidermal growth factor receptor 2 gene detection by fluorescence in situ hybridization (procedure),,Healthcare_Data >> Procedure Code
443497002,443497002,Excision of sentinel lymph node (procedure),,Healthcare_Data >> Procedure Code
443529005,443529005,Screening for chromosomal aneuploidy in prenatal amniotic fluid,,Healthcare_Data >> Procedure Code
445912000,445912000,Excision of fallopian tube and surgical removal of ectopic pregnancy,,Healthcare_Data >> Procedure Code
447365002,447365002,Insertion of biventricular implantable cardioverter defibrillator,,Healthcare_Data >> Procedure Code
698354004,698354004,Magnetic resonance imaging for measurement of brain volume (procedure),,Healthcare_Data >> Procedure Code
699253003,699253003,Surgical manipulation of joint of knee,,Healthcare_Data >> Procedure Code
703423002,703423002,Combined chemotherapy and radiation therapy (procedure),,Healthcare_Data >> Procedure Code
714812005,714812005,Induced termination of pregnancy,,Healthcare_Data >> Procedure Code
1571000087109,1571000087109,Ultrasonography of bilateral breasts (procedure),,Healthcare_Data >> Procedure Code
112001000119100,112001000119100,positive screening for depression on phq9,,Healthcare_Data >> Procedure Code
112011000119102,112011000119102,negative screening for depression on phq9,,Healthcare_Data >> Procedure Code
16335031000119100,16335031000119100,High resolution computed tomography of chest without contrast (procedure),,Healthcare_Data >> Procedure Code