﻿code,value,description,parent,related terms
ADDICTION MEDICINE,ADDICTION MEDICINE,ADDICTION MEDICINE,,Healthcare_Data >> Provider Specialty
ALLERGY/IMMUNOLOGY,ALLERGY/IMMUNOLOGY,ALLERGY/IMMUNOLOGY,,Healthcare_Data >> Provider Specialty
ANESTHESIOLOGY,ANESTHESIOLOGY,ANESTHESIOLOGY,,Healthcare_Data >> Provider Specialty
AUDIOLOGIST,AUDIOLOGIST,AUDIOLOGIST,,Healthcare_Data >> Provider Specialty
CARDIAC ELECTROPHYSIOLOGY,CARDIAC ELECTROPHYSIOLOGY,CARDIAC ELECTROPHYSIOLOGY,,Healthcare_Data >> Provider Specialty
CARDIOVASCULAR DISEASE (CARDIOLOGY),CARDIOVASCULAR DISEASE (CARDIOLOGY),CARDIOVASCULAR DISEASE (CARDIOLOGY),,Healthcare_Data >> Provider Specialty
CERTIFIED NURSE MIDWIFE,CERTIFIED NURSE MIDWIFE,CERTIFIED NURSE MIDWIFE,,Healthcare_Data >> Provider Specialty
CERTIFIED REGISTERED NURSE ANESTHETIST,CERTIFIED REGISTERED NURSE ANESTHETIST,CERTIFIED REGISTERED NURSE ANESTHETIST,,Healthcare_Data >> Provider Specialty
CHIROPRACTIC,CHIROPRACTIC,CHIROPRACTIC,,Healthcare_Data >> Provider Specialty
CLINICAL NURSE SPECIALIST,CLINICAL NURSE SPECIALIST,CLINICAL NURSE SPECIALIST,,Healthcare_Data >> Provider Specialty
CLINICAL PSYCHOLOGIST,CLINICAL PSYCHOLOGIST,CLINICAL PSYCHOLOGIST,,Healthcare_Data >> Provider Specialty
CLINICAL SOCIAL WORKER,CLINICAL SOCIAL WORKER,CLINICAL SOCIAL WORKER,,Healthcare_Data >> Provider Specialty
COLORECTAL SURGERY (PROCTOLOGY),COLORECTAL SURGERY (PROCTOLOGY),COLORECTAL SURGERY (PROCTOLOGY),,Healthcare_Data >> Provider Specialty
CRITICAL CARE (INTENSIVISTS),CRITICAL CARE (INTENSIVISTS),CRITICAL CARE (INTENSIVISTS),,Healthcare_Data >> Provider Specialty
DERMATOLOGY,DERMATOLOGY,DERMATOLOGY,,Healthcare_Data >> Provider Specialty
DIAGNOSTIC RADIOLOGY,DIAGNOSTIC RADIOLOGY,DIAGNOSTIC RADIOLOGY,,Healthcare_Data >> Provider Specialty
EMERGENCY MEDICINE,EMERGENCY MEDICINE,EMERGENCY MEDICINE,,Healthcare_Data >> Provider Specialty
ENDOCRINOLOGY,ENDOCRINOLOGY,ENDOCRINOLOGY,,Healthcare_Data >> Provider Specialty
FAMILY PRACTICE,FAMILY PRACTICE,FAMILY PRACTICE,,Healthcare_Data >> Provider Specialty
GASTROENTEROLOGY,GASTROENTEROLOGY,GASTROENTEROLOGY,,Healthcare_Data >> Provider Specialty
GENERAL PRACTICE,GENERAL PRACTICE,GENERAL PRACTICE,,Healthcare_Data >> Provider Specialty
GENERAL SURGERY,GENERAL SURGERY,GENERAL SURGERY,,Healthcare_Data >> Provider Specialty
GERIATRIC MEDICINE,GERIATRIC MEDICINE,GERIATRIC MEDICINE,,Healthcare_Data >> Provider Specialty
GERIATRIC PSYCHIATRY,GERIATRIC PSYCHIATRY,GERIATRIC PSYCHIATRY,,Healthcare_Data >> Provider Specialty
GYNECOLOGICAL ONCOLOGY,GYNECOLOGICAL ONCOLOGY,GYNECOLOGICAL ONCOLOGY,,Healthcare_Data >> Provider Specialty
HAND SURGERY,HAND SURGERY,HAND SURGERY,,Healthcare_Data >> Provider Specialty
HEMATOLOGY,HEMATOLOGY,HEMATOLOGY,,Healthcare_Data >> Provider Specialty
HEMATOLOGY/ONCOLOGY,HEMATOLOGY/ONCOLOGY,HEMATOLOGY/ONCOLOGY,,Healthcare_Data >> Provider Specialty
HOSPICE/PALLIATIVE CARE,HOSPICE/PALLIATIVE CARE,HOSPICE/PALLIATIVE CARE,,Healthcare_Data >> Provider Specialty
HOSPITALIST,HOSPITALIST,HOSPITALIST,,Healthcare_Data >> Provider Specialty
INFECTIOUS DISEASE,INFECTIOUS DISEASE,INFECTIOUS DISEASE,,Healthcare_Data >> Provider Specialty
INTERNAL MEDICINE,INTERNAL MEDICINE,INTERNAL MEDICINE,,Healthcare_Data >> Provider Specialty
INTERVENTIONAL CARDIOLOGY,INTERVENTIONAL CARDIOLOGY,INTERVENTIONAL CARDIOLOGY,,Healthcare_Data >> Provider Specialty
INTERVENTIONAL PAIN MANAGEMENT,INTERVENTIONAL PAIN MANAGEMENT,INTERVENTIONAL PAIN MANAGEMENT,,Healthcare_Data >> Provider Specialty
MAXILLOFACIAL SURGERY,MAXILLOFACIAL SURGERY,MAXILLOFACIAL SURGERY,,Healthcare_Data >> Provider Specialty
MEDICAL ONCOLOGY,MEDICAL ONCOLOGY,MEDICAL ONCOLOGY,,Healthcare_Data >> Provider Specialty
NEPHROLOGY,NEPHROLOGY,NEPHROLOGY,,Healthcare_Data >> Provider Specialty
NEUROLOGY,NEUROLOGY,NEUROLOGY,,Healthcare_Data >> Provider Specialty
NEUROPSYCHIATRY,NEUROPSYCHIATRY,NEUROPSYCHIATRY,,Healthcare_Data >> Provider Specialty
NEUROSURGERY,NEUROSURGERY,NEUROSURGERY,,Healthcare_Data >> Provider Specialty
NUCLEAR MEDICINE,NUCLEAR MEDICINE,NUCLEAR MEDICINE,,Healthcare_Data >> Provider Specialty
NURSE PRACTITIONER,NURSE PRACTITIONER,NURSE PRACTITIONER,,Healthcare_Data >> Provider Specialty
OBSTETRICS/GYNECOLOGY,OBSTETRICS/GYNECOLOGY,OBSTETRICS/GYNECOLOGY,,Healthcare_Data >> Provider Specialty
OCCUPATIONAL THERAPY,OCCUPATIONAL THERAPY,OCCUPATIONAL THERAPY,,Healthcare_Data >> Provider Specialty
OPHTHALMOLOGY,OPHTHALMOLOGY,OPHTHALMOLOGY,,Healthcare_Data >> Provider Specialty
OPTOMETRY,OPTOMETRY,OPTOMETRY,,Healthcare_Data >> Provider Specialty
ORAL SURGERY,ORAL SURGERY,ORAL SURGERY,,Healthcare_Data >> Provider Specialty
ORTHOPEDIC SURGERY,ORTHOPEDIC SURGERY,ORTHOPEDIC SURGERY,,Healthcare_Data >> Provider Specialty
OTOLARYNGOLOGY,OTOLARYNGOLOGY,OTOLARYNGOLOGY,,Healthcare_Data >> Provider Specialty
PAIN MANAGEMENT,PAIN MANAGEMENT,PAIN MANAGEMENT,,Healthcare_Data >> Provider Specialty
PATHOLOGY,PATHOLOGY,PATHOLOGY,,Healthcare_Data >> Provider Specialty
PEDIATRIC MEDICINE,PEDIATRIC MEDICINE,PEDIATRIC MEDICINE,,Healthcare_Data >> Provider Specialty
PHYSICAL MEDICINE AND REHABILITATION,PHYSICAL MEDICINE AND REHABILITATION,PHYSICAL MEDICINE AND REHABILITATION,,Healthcare_Data >> Provider Specialty
PHYSICAL THERAPY,PHYSICAL THERAPY,PHYSICAL THERAPY,,Healthcare_Data >> Provider Specialty
PHYSICIAN ASSISTANT,PHYSICIAN ASSISTANT,PHYSICIAN ASSISTANT,,Healthcare_Data >> Provider Specialty
PLASTIC AND RECONSTRUCTIVE SURGERY,PLASTIC AND RECONSTRUCTIVE SURGERY,PLASTIC AND RECONSTRUCTIVE SURGERY,,Healthcare_Data >> Provider Specialty
PODIATRY,PODIATRY,PODIATRY,,Healthcare_Data >> Provider Specialty
PSYCHIATRY,PSYCHIATRY,PSYCHIATRY,,Healthcare_Data >> Provider Specialty
PULMONARY DISEASE,PULMONARY DISEASE,PULMONARY DISEASE,,Healthcare_Data >> Provider Specialty
RADIATION ONCOLOGY,RADIATION ONCOLOGY,RADIATION ONCOLOGY,,Healthcare_Data >> Provider Specialty
REGISTERED DIETITIAN OR NUTRITION PROFESSIONAL,REGISTERED DIETITIAN OR NUTRITION PROFESSIONAL,REGISTERED DIETITIAN OR NUTRITION PROFESSIONAL,,Healthcare_Data >> Provider Specialty
RHEUMATOLOGY,RHEUMATOLOGY,RHEUMATOLOGY,,Healthcare_Data >> Provider Specialty
SLEEP MEDICINE,SLEEP MEDICINE,SLEEP MEDICINE,,Healthcare_Data >> Provider Specialty
SPEECH LANGUAGE PATHOLOGIST,SPEECH LANGUAGE PATHOLOGIST,SPEECH LANGUAGE PATHOLOGIST,,Healthcare_Data >> Provider Specialty
SPORTS MEDICINE,SPORTS MEDICINE,SPORTS MEDICINE,,Healthcare_Data >> Provider Specialty
SURGICAL ONCOLOGY,SURGICAL ONCOLOGY,SURGICAL ONCOLOGY,,Healthcare_Data >> Provider Specialty
THORACIC SURGERY,THORACIC SURGERY,THORACIC SURGERY,,Healthcare_Data >> Provider Specialty
UROLOGY,UROLOGY,UROLOGY,,Healthcare_Data >> Provider Specialty
VASCULAR SURGERY,VASCULAR SURGERY,VASCULAR SURGERY,,Healthcare_Data >> Provider Specialty